country,iso3,year,gold,silver,bronze,total,gdp,athletes
Afghanistan,AFG,1960,0,0,0,0,,12
Afghanistan,AFG,1964,0,0,0,0,,8
Afghanistan,AFG,1968,0,0,0,0,,5
Afghanistan,AFG,1972,0,0,0,0,,8
Afghanistan,AFG,1980,0,0,0,0,,11
Afghanistan,AFG,1988,0,0,0,0,,5
Afghanistan,AFG,1996,0,0,0,0,,2
Afghanistan,AFG,2004,0,0,0,0,221.76365387301297,5
Afghanistan,AFG,2008,0,0,1,1,381.73323802844,4
Afghanistan,AFG,2012,0,0,1,1,651.417134470046,6
Afghanistan,AFG,2016,0,0,0,0,522.082215583898,3
Albania,ALB,1972,0,0,0,0,,5
Albania,ALB,1992,0,0,0,0,200.852219772323,7
Albania,ALB,1996,0,0,0,0,1020.9761805018801,7
Albania,ALB,2000,0,0,0,0,1160.42047054038,4
Albania,ALB,2004,0,0,0,0,2446.90949947798,7
Albania,ALB,2008,0,0,0,0,4498.50486763601,11
Albania,ALB,2012,0,0,0,0,4280.93316338873,9
Albania,ALB,2016,0,0,0,0,4457.63412207495,6
Algeria,ALG,1964,0,0,0,0,,1
Algeria,ALG,1968,0,0,0,0,,3
Algeria,ALG,1972,0,0,0,0,,5
Algeria,ALG,1980,0,0,0,0,,54
Algeria,ALG,1984,0,0,2,2,,33
Algeria,ALG,1988,0,0,0,0,,42
Algeria,ALG,1992,1,0,1,2,,35
Algeria,ALG,1996,2,0,1,3,,45
Algeria,ALG,2000,1,1,3,5,,47
Algeria,ALG,2004,0,0,0,0,,61
Algeria,ALG,2008,0,1,1,2,,56
Algeria,ALG,2012,1,0,0,1,,38
Algeria,ALG,2016,0,2,0,2,,64
American Samoa,ASA,1988,0,0,0,0,,6
American Samoa,ASA,1992,0,0,0,0,,3
American Samoa,ASA,1996,0,0,0,0,,7
American Samoa,ASA,2000,0,0,0,0,,4
American Samoa,ASA,2004,0,0,0,0,,3
American Samoa,ASA,2008,0,0,0,0,,4
American Samoa,ASA,2012,0,0,0,0,,4
American Samoa,ASA,2016,0,0,0,0,,4
Andorra,AND,1976,0,0,0,0,7721.28858646797,3
Andorra,AND,1980,0,0,0,0,12474.9252919904,2
Andorra,AND,1984,0,0,0,0,7808.13002713549,2
Andorra,AND,1988,0,0,0,0,14599.0355178798,3
Andorra,AND,1992,0,0,0,0,20099.5352208543,8
Andorra,AND,1996,0,0,0,0,19130.1597151312,8
Andorra,AND,2000,0,0,0,0,21810.2503808666,5
Andorra,AND,2004,0,0,0,0,39021.1107100919,6
Andorra,AND,2008,0,0,0,0,49132.4925840057,5
Andorra,AND,2012,0,0,0,0,41500.5499988288,6
Andorra,AND,2016,0,0,0,0,40129.8385811474,4
Angola,ANG,1980,0,0,0,0,,11
Angola,ANG,1988,0,0,0,0,,24
Angola,ANG,1992,0,0,0,0,,28
Angola,ANG,1996,0,0,0,0,,28
Angola,ANG,2000,0,0,0,0,,30
Angola,ANG,2004,0,0,0,0,,30
Angola,ANG,2008,0,0,0,0,,32
Angola,ANG,2012,0,0,0,0,,33
Angola,ANG,2016,0,0,0,0,,26
Antigua,ANT,1976,0,0,0,0,,10
Antigua,ANT,1984,0,0,0,0,,14
Antigua,ANT,1988,0,0,0,0,,15
Antigua,ANT,1992,0,0,0,0,,13
Antigua,ANT,1996,0,0,0,0,,13
Antigua,ANT,2000,0,0,0,0,,3
Antigua,ANT,2004,0,0,0,0,,5
Antigua,ANT,2008,0,0,0,0,,5
Antigua,ANT,2012,0,0,0,0,,4
Antigua,ANT,2016,0,0,0,0,,8
Argentina,ARG,1960,0,3,1,4,778.251706763404,92
Argentina,ARG,1964,0,1,0,1,1176.20086190313,102
Argentina,ARG,1968,0,0,2,2,1141.95211617341,89
Argentina,ARG,1972,0,1,0,1,1409.37097316211,92
Argentina,ARG,1976,0,0,0,0,1946.91990388248,69
Argentina,ARG,1984,0,0,0,0,3915.03492645691,81
Argentina,ARG,1988,0,1,12,13,3992.7033017915605,118
Argentina,ARG,1992,0,0,2,2,6789.996111364949,84
Argentina,ARG,1996,0,19,1,20,7663.21271287469,179
Argentina,ARG,2000,0,17,3,20,7637.01489203628,143
Argentina,ARG,2004,28,0,21,49,4242.02099089422,152
Argentina,ARG,2008,20,0,31,51,8944.1102657357,132
Argentina,ARG,2012,1,15,3,19,12949.717486654,137
Argentina,ARG,2016,21,1,0,22,12699.9623137756,215
Armenia,ARM,1996,1,1,0,2,487.068624404558,32
Armenia,ARM,2000,0,0,1,1,593.450581742282,25
Armenia,ARM,2004,0,0,0,0,1130.08791444158,18
Armenia,ARM,2008,0,0,6,6,3777.66859313767,25
Armenia,ARM,2012,0,1,2,3,3511.56399687426,24
Armenia,ARM,2016,1,3,0,4,3524.42476874707,31
Aruba,ARU,1988,0,0,0,0,,8
Aruba,ARU,1992,0,0,0,0,,5
Aruba,ARU,1996,0,0,0,0,,3
Aruba,ARU,2000,0,0,0,0,,5
Aruba,ARU,2004,0,0,0,0,,4
Aruba,ARU,2008,0,0,0,0,,2
Aruba,ARU,2012,0,0,0,0,,4
Aruba,ARU,2016,0,0,0,0,,7
Australia,AUS,1960,11,24,11,46,1813.43109917039,189
Australia,AUS,1964,8,6,30,44,2134.48946124608,243
Australia,AUS,1968,5,35,11,51,2728.23426114901,128
Australia,AUS,1972,11,7,2,20,3955.2243040301696,168
Australia,AUS,1976,0,15,8,23,7497.28175413577,180
Australia,AUS,1980,6,2,5,13,10223.2886675105,120
Australia,AUS,1984,7,14,31,52,12436.2969052038,242
Australia,AUS,1988,18,6,11,35,14303.093047615,252
Australia,AUS,1992,14,27,16,57,18650.3675476612,279
Australia,AUS,1996,32,16,84,132,22055.838490507,417
Australia,AUS,2000,60,69,54,183,21908.9968019784,617
Australia,AUS,2004,49,77,31,157,30886.050094940096,470
Australia,AUS,2008,31,42,76,149,49811.2067218988,432
Australia,AUS,2012,18,37,59,114,68301.4402512587,405
Australia,AUS,2016,23,34,25,82,50084.4440606385,420
Austria,AUT,1960,1,2,0,3,939.914814681174,103
Austria,AUT,1964,0,0,0,0,1275.45715281679,56
Austria,AUT,1968,0,2,3,5,1685.66211669148,43
Austria,AUT,1972,0,1,2,3,2912.59577111524,111
Austria,AUT,1976,0,0,1,1,5656.1451383787,60
Austria,AUT,1980,1,3,1,5,10826.9718274995,83
Austria,AUT,1984,1,1,1,3,8955.84829191534,102
Austria,AUT,1988,1,0,0,1,17509.7658683817,73
Austria,AUT,1992,0,6,0,6,24782.7118767063,102
Austria,AUT,1996,0,1,2,3,29645.9451251491,72
Austria,AUT,2000,3,1,0,4,24487.2974685956,92
Austria,AUT,2004,3,4,1,8,36614.2506533707,74
Austria,AUT,2008,0,1,2,3,51581.3982361071,70
Austria,AUT,2012,0,0,0,0,48250.4059142637,70
Austria,AUT,2016,0,0,2,2,45061.4993920192,71
Azerbaijan,AZE,1996,0,1,0,1,409.185543774103,23
Azerbaijan,AZE,2000,2,0,1,3,655.097249579917,31
Azerbaijan,AZE,2004,1,0,4,5,1045.0136328106,36
Azerbaijan,AZE,2008,1,2,4,7,5574.46810432575,44
Azerbaijan,AZE,2012,2,2,6,10,7495.86527658099,52
Azerbaijan,AZE,2016,1,7,10,18,3880.6852276838003,56
Bahamas,BAH,1960,0,0,0,0,,13
Bahamas,BAH,1964,2,0,0,2,,11
Bahamas,BAH,1968,0,0,0,0,,16
Bahamas,BAH,1972,0,0,0,0,,20
Bahamas,BAH,1976,0,0,0,0,,11
Bahamas,BAH,1984,0,0,0,0,,22
Bahamas,BAH,1988,0,0,0,0,,16
Bahamas,BAH,1992,0,0,1,1,,14
Bahamas,BAH,1996,0,5,0,5,,26
Bahamas,BAH,2000,6,0,5,11,,25
Bahamas,BAH,2004,1,0,1,2,,22
Bahamas,BAH,2008,0,6,1,7,,25
Bahamas,BAH,2012,4,0,0,4,,21
Bahamas,BAH,2016,1,0,5,6,,29
Bahrain,BRN,1984,0,0,0,0,36061.3815259405,10
Bahrain,BRN,1988,0,0,0,0,18824.7637309359,7
Bahrain,BRN,1992,0,0,0,0,23450.8964055243,10
Bahrain,BRN,1996,0,0,0,0,25692.2357348562,5
Bahrain,BRN,2000,0,0,0,0,20130.2572346624,4
Bahrain,BRN,2004,0,0,0,0,24423.0946995548,10
Bahrain,BRN,2008,0,0,0,0,42156.5685838672,14
Bahrain,BRN,2012,0,0,1,1,46968.5971164922,12
Bahrain,BRN,2016,1,1,0,2,26663.2972950602,33
Bangladesh,BAN,1984,0,0,0,0,,1
Bangladesh,BAN,1988,0,0,0,0,,6
Bangladesh,BAN,1992,0,0,0,0,,6
Bangladesh,BAN,1996,0,0,0,0,,4
Bangladesh,BAN,2000,0,0,0,0,,5
Bangladesh,BAN,2004,0,0,0,0,,4
Bangladesh,BAN,2008,0,0,0,0,,5
Bangladesh,BAN,2012,0,0,0,0,,5
Bangladesh,BAN,2016,0,0,0,0,,7
Barbados,BAR,1968,0,0,0,0,,9
Barbados,BAR,1972,0,0,0,0,,13
Barbados,BAR,1976,0,0,0,0,,11
Barbados,BAR,1984,0,0,0,0,,16
Barbados,BAR,1988,0,0,0,0,,17
Barbados,BAR,1992,0,0,0,0,,17
Barbados,BAR,1996,0,0,0,0,,13
Barbados,BAR,2000,0,0,1,1,,18
Barbados,BAR,2004,0,0,0,0,,10
Barbados,BAR,2008,0,0,0,0,,8
Barbados,BAR,2012,0,0,0,0,,6
Barbados,BAR,2016,0,0,0,0,,11
Belarus,BLR,1996,1,6,16,23,1427.26896385327,157
Belarus,BLR,2000,3,8,11,22,1276.2880341,139
Belarus,BLR,2004,2,5,8,15,2378.33700470129,151
Belarus,BLR,2008,8,5,16,29,6376.17569162063,177
Belarus,BLR,2012,3,12,8,23,6953.21591683101,160
Belarus,BLR,2016,1,4,7,12,5039.77560949445,120
Belgium,BEL,1960,0,2,2,4,1290.28607216192,101
Belgium,BEL,1964,2,0,1,3,1724.01894179056,61
Belgium,BEL,1968,0,1,2,3,2251.31575906782,82
Belgium,BEL,1972,0,2,0,2,3831.63189999433,88
Belgium,BEL,1976,0,3,6,9,7243.04734119583,101
Belgium,BEL,1980,1,0,0,1,12864.0025661396,59
Belgium,BEL,1984,1,2,2,5,8457.26880316374,63
Belgium,BEL,1988,0,0,2,2,16391.093827791,59
Belgium,BEL,1992,0,1,2,3,23372.619171015,68
Belgium,BEL,1996,2,2,2,6,27489.5551770488,61
Belgium,BEL,2000,0,3,4,7,23098.886507740102,68
Belgium,BEL,2004,1,0,2,3,35429.4077933344,50
Belgium,BEL,2008,1,4,0,5,48303.397956286,94
Belgium,BEL,2012,0,1,2,3,44874.1709182123,111
Belgium,BEL,2016,2,17,2,21,41854.5498296444,104
Belize,BIZ,1968,0,0,0,0,,7
Belize,BIZ,1972,0,0,0,0,,1
Belize,BIZ,1976,0,0,0,0,,4
Belize,BIZ,1984,0,0,0,0,,11
Belize,BIZ,1988,0,0,0,0,,10
Belize,BIZ,1992,0,0,0,0,,10
Belize,BIZ,1996,0,0,0,0,,5
Belize,BIZ,2000,0,0,0,0,,2
Belize,BIZ,2004,0,0,0,0,,2
Belize,BIZ,2008,0,0,0,0,,4
Belize,BIZ,2012,0,0,0,0,,3
Belize,BIZ,2016,0,0,0,0,,3
Benin,BEN,1972,0,0,0,0,127.927157014331,3
Benin,BEN,1980,0,0,0,0,358.003054209903,16
Benin,BEN,1984,0,0,0,0,238.574457355381,3
Benin,BEN,1988,0,0,0,0,326.179757700303,7
Benin,BEN,1992,0,0,0,0,301.77329696287,6
Benin,BEN,1996,0,0,0,0,369.394384135736,5
Benin,BEN,2000,0,0,0,0,487.424141384242,4
Benin,BEN,2004,0,0,0,0,758.695803786371,4
Benin,BEN,2008,0,0,0,0,1060.60254502099,5
Benin,BEN,2012,0,0,0,0,1071.5258366283,5
Benin,BEN,2016,0,0,0,0,1010.5338961992999,6
Bermuda,BER,1960,0,0,0,0,,9
Bermuda,BER,1964,0,0,0,0,,4
Bermuda,BER,1968,0,0,0,0,,6
Bermuda,BER,1972,0,0,0,0,,9
Bermuda,BER,1976,0,0,1,1,,16
Bermuda,BER,1984,0,0,0,0,,12
Bermuda,BER,1988,0,0,0,0,,12
Bermuda,BER,1992,0,0,0,0,,20
Bermuda,BER,1996,0,0,0,0,,9
Bermuda,BER,2000,0,0,0,0,,6
Bermuda,BER,2004,0,0,0,0,,10
Bermuda,BER,2008,0,0,0,0,,6
Bermuda,BER,2012,0,0,0,0,,8
Bermuda,BER,2016,0,0,0,0,,8
Bhutan,BHU,1984,0,0,0,0,,6
Bhutan,BHU,1988,0,0,0,0,,3
Bhutan,BHU,1992,0,0,0,0,,6
Bhutan,BHU,1996,0,0,0,0,,2
Bhutan,BHU,2000,0,0,0,0,,2
Bhutan,BHU,2004,0,0,0,0,,2
Bhutan,BHU,2008,0,0,0,0,,2
Bhutan,BHU,2012,0,0,0,0,,2
Bhutan,BHU,2016,0,0,0,0,,2
Boliva,BOL,1964,0,0,0,0,135.228463817406,1
Boliva,BOL,1968,0,0,0,0,195.471270062333,4
Boliva,BOL,1972,0,0,0,0,261.949887081198,11
Boliva,BOL,1976,0,0,0,0,519.734821066353,4
Boliva,BOL,1984,0,0,0,0,982.109656770748,11
Boliva,BOL,1988,0,0,0,0,672.607268146683,7
Boliva,BOL,1992,0,0,0,0,759.57113496365,13
Boliva,BOL,1996,0,0,0,0,922.1132590697139,8
Boliva,BOL,2000,0,0,0,0,975.7770603587509,5
Boliva,BOL,2004,0,0,0,0,953.191893246277,7
Boliva,BOL,2008,0,0,0,0,1692.67248455876,7
Boliva,BOL,2012,0,0,0,0,2575.59857098084,5
Boliva,BOL,2016,0,0,0,0,3035.87347732132,12
Bosnia and Herzegovina,BIH,1992,0,0,0,0,1118.17569934079,10
Bosnia and Herzegovina,BIH,1996,0,0,0,0,718.9337971415049,9
Bosnia and Herzegovina,BIH,2000,0,0,0,0,1338.48059636261,9
Bosnia and Herzegovina,BIH,2004,0,0,0,0,2452.6860917386,9
Bosnia and Herzegovina,BIH,2008,0,0,0,0,4841.69311934649,5
Bosnia and Herzegovina,BIH,2012,0,0,0,0,4693.78899115381,6
Bosnia and Herzegovina,BIH,2016,0,0,0,0,4928.5665903114,11
Botswana,BOT,1980,0,0,0,0,,7
Botswana,BOT,1984,0,0,0,0,,7
Botswana,BOT,1988,0,0,0,0,,8
Botswana,BOT,1992,0,0,0,0,,6
Botswana,BOT,1996,0,0,0,0,,7
Botswana,BOT,2000,0,0,0,0,,7
Botswana,BOT,2004,0,0,0,0,,11
Botswana,BOT,2008,0,0,0,0,,11
Botswana,BOT,2012,0,1,0,1,,4
Botswana,BOT,2016,0,0,0,0,,12
Brazil,BRA,1960,0,0,13,13,235.266009502589,72
Brazil,BRA,1964,0,0,12,12,257.259726897671,61
Brazil,BRA,1968,0,1,3,4,373.9254326396829,76
Brazil,BRA,1972,0,0,2,2,583.492034946156,81
Brazil,BRA,1976,0,0,3,3,1389.74952306555,79
Brazil,BRA,1980,4,0,5,9,1958.5715923266202,106
Brazil,BRA,1984,1,33,2,36,1419.7315460697798,147
Brazil,BRA,1988,1,17,5,23,2140.65027561164,160
Brazil,BRA,1992,13,1,0,14,2127.29083011489,182
Brazil,BRA,1996,5,15,43,63,5179.13052009976,221
Brazil,BRA,2000,0,12,36,48,3766.5478633983494,198
Brazil,BRA,2004,18,19,3,40,3663.82262497811,243
Brazil,BRA,2008,14,34,30,78,8908.33338467948,268
Brazil,BRA,2012,14,34,11,59,12521.7238454434,248
Brazil,BRA,2016,36,8,6,50,8836.28546025694,462
Brunei,BRU,1996,0,0,0,0,,1
Brunei,BRU,2000,0,0,0,0,,2
Brunei,BRU,2004,0,0,0,0,,1
Brunei,BRU,2012,0,0,0,0,,3
Brunei,BRU,2016,0,0,0,0,,3
Bulgaria,BGR,1960,1,3,3,7,,98
Bulgaria,BGR,1964,3,5,2,10,,63
Bulgaria,BGR,1968,2,21,3,26,,112
Bulgaria,BGR,1972,6,10,6,22,,130
Bulgaria,BGR,1976,8,13,18,39,,158
Bulgaria,BGR,1980,8,44,38,90,2238.80295786574,271
Bulgaria,BGR,1988,10,14,17,41,2511.39306259489,172
Bulgaria,BGR,1992,3,7,7,17,1007.34454544881,138
Bulgaria,BGR,1996,3,12,6,21,1470.19259250682,110
Bulgaria,BGR,2000,5,6,2,13,1621.26210738992,91
Bulgaria,BGR,2004,2,1,14,17,3389.68743360274,95
Bulgaria,BGR,2008,1,1,3,5,7271.303388580251,70
Bulgaria,BGR,2012,0,1,1,2,7431.95789508871,63
Bulgaria,BGR,2016,0,1,6,7,7822.499232929679,51
Burkina Faso,BUR,1972,0,0,0,0,,1
Burkina Faso,BUR,1988,0,0,0,0,,6
Burkina Faso,BUR,1992,0,0,0,0,,4
Burkina Faso,BUR,1996,0,0,0,0,,5
Burkina Faso,BUR,2000,0,0,0,0,,4
Burkina Faso,BUR,2004,0,0,0,0,,5
Burkina Faso,BUR,2008,0,0,0,0,,6
Burkina Faso,BUR,2012,0,0,0,0,,5
Burkina Faso,BUR,2016,0,0,0,0,,5
Burundi,BDI,1996,1,0,0,1,143.156741187159,7
Burundi,BDI,2000,0,0,0,0,134.537861752389,6
Burundi,BDI,2004,0,0,0,0,125.194965184533,7
Burundi,BDI,2008,0,0,0,0,189.50207457076803,3
Burundi,BDI,2012,0,0,0,0,231.098787811507,6
Burundi,BDI,2016,0,1,0,1,232.937812100153,9
Cambodia,CAM,1964,0,0,0,0,,13
Cambodia,CAM,1972,0,0,0,0,,9
Cambodia,CAM,1996,0,0,0,0,,5
Cambodia,CAM,2000,0,0,0,0,,4
Cambodia,CAM,2004,0,0,0,0,,4
Cambodia,CAM,2008,0,0,0,0,,4
Cambodia,CAM,2012,0,0,0,0,,6
Cambodia,CAM,2016,0,0,0,0,,6
Cameroon,CMR,1964,0,0,0,0,139.228109587718,1
Cameroon,CMR,1968,0,1,0,1,170.782666507465,5
Cameroon,CMR,1972,0,0,0,0,220.108720960652,11
Cameroon,CMR,1976,0,0,0,0,381.429915266252,4
Cameroon,CMR,1980,0,0,0,0,784.1162271181221,25
Cameroon,CMR,1984,0,0,1,1,771.702146026357,46
Cameroon,CMR,1988,0,0,0,0,1145.16555992416,15
Cameroon,CMR,1992,0,0,0,0,1005.44897647465,8
Cameroon,CMR,1996,0,0,0,0,826.965322327363,15
Cameroon,CMR,2000,18,0,0,18,708.565731625965,34
Cameroon,CMR,2004,1,0,0,1,1133.39326749673,17
Cameroon,CMR,2008,1,0,0,1,1492.14269801453,32
Cameroon,CMR,2012,0,0,0,0,1449.09874362279,32
Cameroon,CMR,2016,0,0,0,0,1441.7201725688,22
Canada,CAN,1960,0,9,0,9,2264.94849658191,85
Canada,CAN,1964,2,2,1,5,2561.63849088572,115
Canada,CAN,1968,3,3,4,10,3473.23722551871,139
Canada,CAN,1972,0,2,9,11,5106.73708049128,208
Canada,CAN,1976,0,9,14,23,8838.94710677652,385
Canada,CAN,1984,19,36,32,87,13930.4745502555,408
Canada,CAN,1988,4,5,14,23,19012.5723278349,328
Canada,CAN,1992,27,5,12,44,20950.330528765095,295
Canada,CAN,1996,8,30,12,50,21296.9723536904,303
Canada,CAN,2000,4,4,23,31,24271.0020563821,294
Canada,CAN,2004,3,10,4,17,32145.5412620217,262
Canada,CAN,2008,11,13,11,35,46710.2526864484,332
Canada,CAN,2012,1,21,33,55,52670.3447335415,273
Canada,CAN,2016,4,4,61,69,42314.0615817218,310
Cape Verde,CPV,1996,0,0,0,0,1179.51522705182,3
Cape Verde,CPV,2000,0,0,0,0,1189.51479345891,2
Cape Verde,CPV,2004,0,0,0,0,1929.49081468781,3
Cape Verde,CPV,2008,0,0,0,0,3908.64885822576,2
Cape Verde,CPV,2012,0,0,0,0,3736.8151701108704,3
Cape Verde,CPV,2016,0,0,0,0,3608.96605234906,5
Cayman Islands,CAY,1976,0,0,0,0,,2
Cayman Islands,CAY,1984,0,0,0,0,,8
Cayman Islands,CAY,1988,0,0,0,0,,8
Cayman Islands,CAY,1992,0,0,0,0,,10
Cayman Islands,CAY,1996,0,0,0,0,,9
Cayman Islands,CAY,2000,0,0,0,0,,3
Cayman Islands,CAY,2004,0,0,0,0,,5
Cayman Islands,CAY,2008,0,0,0,0,,4
Cayman Islands,CAY,2012,0,0,0,0,,4
Cayman Islands,CAY,2016,0,0,0,0,,5
Central African Republic,CAF,1968,0,0,0,0,95.6398392122972,1
Central African Republic,CAF,1984,0,0,0,0,248.313551025498,3
Central African Republic,CAF,1988,0,0,0,0,466.070596898859,15
Central African Republic,CAF,1992,0,0,0,0,461.5873034908959,15
Central African Republic,CAF,1996,0,0,0,0,293.306575328658,5
Central African Republic,CAF,2000,0,0,0,0,239.154133726071,3
Central African Republic,CAF,2004,0,0,0,0,303.461321152782,4
Central African Republic,CAF,2008,0,0,0,0,437.24827472489,3
Central African Republic,CAF,2012,0,0,0,0,544.395849142785,6
Central African Republic,CAF,2016,0,0,0,0,387.176203444318,6
Chad,CHA,1964,0,0,0,0,,2
Chad,CHA,1968,0,0,0,0,,3
Chad,CHA,1972,0,0,0,0,,4
Chad,CHA,1984,0,0,0,0,,3
Chad,CHA,1988,0,0,0,0,,6
Chad,CHA,1992,0,0,0,0,,6
Chad,CHA,1996,0,0,0,0,,4
Chad,CHA,2000,0,0,0,0,,2
Chad,CHA,2004,0,0,0,0,,1
Chad,CHA,2008,0,0,0,0,,2
Chad,CHA,2012,0,0,0,0,,2
Chad,CHA,2016,0,0,0,0,,2
Chile,CHI,1960,0,0,0,0,,9
Chile,CHI,1964,0,0,0,0,,14
Chile,CHI,1968,0,0,0,0,,21
Chile,CHI,1972,0,0,0,0,,11
Chile,CHI,1976,0,0,0,0,,7
Chile,CHI,1984,0,0,0,0,,52
Chile,CHI,1988,0,1,0,1,,17
Chile,CHI,1992,0,0,0,0,,12
Chile,CHI,1996,0,0,0,0,,21
Chile,CHI,2000,0,0,17,17,43479.1940767689,50
Chile,CHI,2004,3,0,1,4,56259.5344226334,22
Chile,CHI,2008,0,1,0,1,,26
Chile,CHI,2012,0,0,0,0,58809.569894541295,35
Chile,CHI,2016,0,0,0,0,55947.579811974,42
China,CHN,1984,24,13,37,74,251.192686463827,215
China,CHN,1988,6,16,30,52,284.023573149686,273
China,CHN,1992,18,45,19,82,367.82265190354195,244
China,CHN,1996,19,70,17,106,713.337387811657,294
China,CHN,2000,39,23,17,79,969.1995136962871,271
China,CHN,2004,52,27,15,94,1530.92726215723,383
China,CHN,2008,74,53,57,184,3523.44302065213,599
China,CHN,2012,56,40,29,125,6405.0574241349,375
China,CHN,2016,46,30,37,113,8254.86859320357,392
China,HKG,1960,0,0,0,0,426.773807917233,4
China,HKG,1964,0,0,0,0,629.591525784494,39
China,HKG,1968,0,0,0,0,714.48296958061,11
China,HKG,1972,0,0,0,0,1384.7342645141,10
China,HKG,1976,0,0,0,0,2850.0146101832,25
China,HKG,1984,0,0,0,0,6208.226159371991,47
China,HKG,1988,0,0,0,0,10609.7456394545,48
China,HKG,1992,0,0,0,0,17976.4688629053,38
China,HKG,1996,1,0,0,1,24818.3021600084,23
China,HKG,2000,0,0,0,0,25756.7728723704,31
China,HKG,2004,0,2,0,2,24928.1003722551,32
China,HKG,2008,0,0,0,0,31515.5292103443,34
China,HKG,2012,0,0,1,1,36730.796195815,41
China,HKG,2016,0,0,0,0,43734.1980702999,37
Colombia,COL,1960,0,0,0,0,258.304433616071,16
Colombia,COL,1964,0,0,0,0,338.675935298365,20
Colombia,COL,1968,0,0,0,0,301.526502784249,43
Colombia,COL,1972,0,1,2,3,397.41211740514,59
Colombia,COL,1976,0,0,0,0,643.007914496566,35
Colombia,COL,1980,0,0,0,0,1279.50116658241,23
Colombia,COL,1984,0,1,0,1,1335.52821812362,39
Colombia,COL,1988,0,0,1,1,1259.6174112078,40
Colombia,COL,1992,0,0,1,1,1730.39091795329,49
Colombia,COL,1996,0,0,0,0,2664.64056059983,48
Colombia,COL,2000,1,0,0,1,2555.0075103996805,44
Colombia,COL,2004,0,0,2,2,2818.57195413044,53
Colombia,COL,2008,0,1,1,2,5541.83629665898,67
Colombia,COL,2012,1,3,4,8,8108.59838244229,101
Colombia,COL,2016,3,2,3,8,5959.84250367574,143
Comoros,COM,1996,0,0,0,0,786.380773511866,4
Comoros,COM,2000,0,0,0,0,633.309032776244,2
Comoros,COM,2004,0,0,0,0,1072.28409029621,3
Comoros,COM,2008,0,0,0,0,1455.02768595586,3
Comoros,COM,2012,0,0,0,0,1490.31511351281,3
Comoros,COM,2016,0,0,0,0,1365.48403444497,4
Cook Islands,COK,1988,0,0,0,0,,7
Cook Islands,COK,1992,0,0,0,0,,2
Cook Islands,COK,1996,0,0,0,0,,3
Cook Islands,COK,2000,0,0,0,0,,2
Cook Islands,COK,2004,0,0,0,0,,3
Cook Islands,COK,2008,0,0,0,0,,4
Cook Islands,COK,2012,0,0,0,0,,8
Cook Islands,COK,2016,0,0,0,0,,9
Costa Rica,CRC,1964,0,0,0,0,,2
Costa Rica,CRC,1968,0,0,0,0,,18
Costa Rica,CRC,1972,0,0,0,0,,3
Costa Rica,CRC,1976,0,0,0,0,,5
Costa Rica,CRC,1980,0,0,0,0,,29
Costa Rica,CRC,1984,0,0,0,0,,28
Costa Rica,CRC,1988,0,1,0,1,,16
Costa Rica,CRC,1992,0,0,0,0,,16
Costa Rica,CRC,1996,1,0,0,1,,11
Costa Rica,CRC,2000,0,0,2,2,,7
Costa Rica,CRC,2004,0,0,0,0,,20
Costa Rica,CRC,2008,0,0,0,0,,8
Costa Rica,CRC,2012,0,0,0,0,,11
Costa Rica,CRC,2016,0,0,0,0,,11
Croatia,CRO,1992,0,12,3,15,,39
Croatia,CRO,1996,16,12,0,28,,84
Croatia,CRO,2000,1,0,9,10,,88
Croatia,CRO,2004,15,3,3,21,,81
Croatia,CRO,2008,0,2,3,5,,99
Croatia,CRO,2012,15,4,16,35,,107
Croatia,CRO,2016,7,15,2,24,,85
Cuba,CUB,1960,0,0,0,0,,12
Cuba,CUB,1964,0,1,0,1,,27
Cuba,CUB,1968,0,10,0,10,,115
Cuba,CUB,1972,3,1,18,22,891.631749208781,137
Cuba,CUB,1976,6,4,14,24,1440.73046137146,156
Cuba,CUB,1980,8,7,5,20,2030.93362280165,208
Cuba,CUB,1992,42,13,14,69,2047.6790034642097,176
Cuba,CUB,1996,37,8,10,55,2282.18809324202,164
Cuba,CUB,2000,18,35,12,65,2751.3817714814,229
Cuba,CUB,2004,32,8,22,62,3399.2196289340195,151
Cuba,CUB,2008,2,34,11,47,4986.12436479175,158
Cuba,CUB,2012,5,3,6,14,6470.83673392653,109
Cuba,CUB,2016,5,2,4,11,8110.5587428361605,117
Curacao,AHO,1960,0,0,0,0,,5
Curacao,AHO,1964,0,0,0,0,,4
Curacao,AHO,1968,0,0,0,0,,5
Curacao,AHO,1972,0,0,0,0,,2
Curacao,AHO,1976,0,0,0,0,,4
Curacao,AHO,1984,0,0,0,0,,8
Curacao,AHO,1988,0,1,0,1,,3
Curacao,AHO,1992,0,0,0,0,,4
Curacao,AHO,1996,0,0,0,0,,6
Curacao,AHO,2000,0,0,0,0,,7
Curacao,AHO,2004,0,0,0,0,,3
Curacao,AHO,2008,0,0,0,0,,3
Cyprus,CYP,1980,0,0,0,0,4232.02294921875,14
Cyprus,CYP,1984,0,0,0,0,4258.74365234375,10
Cyprus,CYP,1988,0,0,0,0,7645.6298828125,9
Cyprus,CYP,1992,0,0,0,0,11310.072265625,17
Cyprus,CYP,1996,0,0,0,0,15139.220703125,17
Cyprus,CYP,2000,0,0,0,0,14388.3525390625,22
Cyprus,CYP,2004,0,0,0,0,23792.619140625,20
Cyprus,CYP,2008,0,0,0,0,35397.296875,17
Cyprus,CYP,2012,0,1,0,1,28991.935546875,13
Cyprus,CYP,2016,0,0,0,0,24280.056640625,15
Czech Republic,CZE,1996,4,5,4,13,6573.19643136362,115
Czech Republic,CZE,2000,2,3,4,9,6062.92152842793,119
Czech Republic,CZE,2004,1,6,6,13,11782.5546676117,142
Czech Republic,CZE,2008,3,4,0,7,22774.7045076205,134
Czech Republic,CZE,2012,4,4,6,14,20014.0354015165,133
Czech Republic,CZE,2016,1,2,12,15,18753.9686718096,104
Czech Republic,TCH,1960,4,7,11,22,,116
Czech Republic,TCH,1964,5,37,12,54,,104
Czech Republic,TCH,1968,7,7,15,29,,121
Czech Republic,TCH,1972,2,21,6,29,,181
Czech Republic,TCH,1976,2,4,9,15,,163
Czech Republic,TCH,1980,17,18,16,51,,209
Czech Republic,TCH,1988,3,4,3,10,,163
Czech Republic,TCH,1992,4,3,1,8,,208
Democratic Republic of the Congo,COD,1968,0,0,0,0,205.645995783134,5
Democratic Republic of the Congo,COD,1984,0,0,0,0,259.801889543739,8
Democratic Republic of the Congo,COD,1988,0,0,0,0,257.725151748806,15
Democratic Republic of the Congo,COD,1992,0,0,0,0,209.726548794417,17
Democratic Republic of the Congo,COD,1996,0,0,0,0,127.416132828292,14
Democratic Republic of the Congo,COD,2000,0,0,0,0,377.925421481395,2
Democratic Republic of the Congo,COD,2004,0,0,0,0,180.66476496363302,4
Democratic Republic of the Congo,COD,2008,0,0,0,0,352.900363371995,5
Democratic Republic of the Congo,COD,2012,0,0,0,0,409.931424783784,4
Democratic Republic of the Congo,COD,2016,0,0,0,0,459.765036590388,4
Denmark,DNK,1960,2,17,4,23,1389.0213943225,100
Denmark,DNK,1964,7,1,4,12,2049.39724281483,60
Denmark,DNK,1968,5,6,6,17,2776.13544525805,64
Denmark,DNK,1972,1,0,0,1,4653.95587889115,126
Denmark,DNK,1976,3,0,5,8,8773.3396162771,66
Denmark,DNK,1980,4,2,2,8,13822.157840591199,58
Denmark,DNK,1984,0,3,10,13,11516.6821578436,60
Denmark,DNK,1988,3,1,3,7,22524.5792595476,78
Denmark,DNK,1992,3,2,9,14,29579.4913648682,110
Denmark,DNK,1996,21,1,1,23,35621.9878051732,119
Denmark,DNK,2000,18,3,4,25,30722.0251837567,97
Denmark,DNK,2004,19,1,9,29,46625.050098011,92
Denmark,DNK,2008,6,7,6,19,64616.665758366296,84
Denmark,DNK,2012,3,5,8,16,58443.77471039681,114
Denmark,DNK,2016,15,10,16,41,54500.9260410217,119
Djibouti,DJI,1984,0,0,0,0,,3
Djibouti,DJI,1988,0,0,1,1,816.874614065329,6
Djibouti,DJI,1992,0,0,0,0,763.659214503152,8
Djibouti,DJI,1996,0,0,0,0,761.943659476655,5
Djibouti,DJI,2000,0,0,0,0,737.612183644052,2
Djibouti,DJI,2008,0,0,0,0,1119.15233346969,2
Djibouti,DJI,2012,0,0,0,0,1400.19357858954,4
Djibouti,DJI,2016,0,0,0,0,2510.4300076241,7
Dominica,DMA,1996,0,0,0,0,4210.99532034556,6
Dominica,DMA,2000,0,0,0,0,4867.39896323759,4
Dominica,DMA,2004,0,0,0,0,5778.83306546506,2
Dominica,DMA,2008,0,0,0,0,6971.32633839289,2
Dominica,DMA,2012,0,0,0,0,7528.51001990155,2
Dominica,DMA,2016,0,0,0,0,8802.56172041363,2
Dominican Republic,DOM,1964,0,0,0,0,277.29715816349,1
Dominican Republic,DOM,1968,0,0,0,0,259.574438400563,18
Dominican Republic,DOM,1972,0,0,0,0,427.2248463686639,5
Dominican Republic,DOM,1976,0,0,0,0,762.778347016951,10
Dominican Republic,DOM,1980,0,0,0,0,1180.18089253045,6
Dominican Republic,DOM,1984,0,0,1,1,1843.5246078892803,19
Dominican Republic,DOM,1988,0,0,0,0,783.913142122635,16
Dominican Republic,DOM,1992,0,0,0,0,1558.29782071075,32
Dominican Republic,DOM,1996,0,0,0,0,2270.86558687203,16
Dominican Republic,DOM,2000,0,0,0,0,2831.45883638033,13
Dominican Republic,DOM,2004,1,0,0,1,2451.69161616569,33
Dominican Republic,DOM,2008,1,1,0,2,5023.58513403515,24
Dominican Republic,DOM,2012,1,1,0,2,6013.81965002603,33
Dominican Republic,DOM,2016,0,0,1,1,7160.44200982307,26
Ecuador,ECU,1968,0,0,0,0,445.22798915714793,15
Ecuador,ECU,1972,0,0,0,0,487.972047217986,2
Ecuador,ECU,1976,0,0,0,0,1241.91098461141,5
Ecuador,ECU,1980,0,0,0,0,2189.78417657382,12
Ecuador,ECU,1984,0,0,0,0,1863.68213493779,11
Ecuador,ECU,1988,0,0,0,0,1303.77906073184,13
Ecuador,ECU,1992,0,0,0,0,1655.44613192632,13
Ecuador,ECU,1996,1,0,0,1,2135.8479374308,19
Ecuador,ECU,2000,0,0,0,0,1382.23421759909,10
Ecuador,ECU,2004,0,0,0,0,2586.20914663347,16
Ecuador,ECU,2008,0,1,0,1,4194.75750661981,25
Ecuador,ECU,2012,0,0,0,0,5634.08393191094,36
Ecuador,ECU,2016,0,0,0,0,5917.63771271481,37
Egypt,EGY,1964,0,0,0,0,157.716536507206,73
Egypt,EGY,1968,0,0,0,0,179.774096694265,30
Egypt,EGY,1972,0,0,0,0,256.482815640115,23
Egypt,EGY,1976,0,0,0,0,334.609918474469,26
Egypt,EGY,1984,0,1,0,1,689.807675510205,114
Egypt,EGY,1988,0,0,0,0,633.839369496566,49
Egypt,EGY,1992,0,0,0,0,680.79923864551,75
Egypt,EGY,1996,0,0,0,0,1008.9763762944699,29
Egypt,EGY,2000,0,0,0,0,1366.0927437261298,89
Egypt,EGY,2004,1,1,3,5,991.255689145253,97
Egypt,EGY,2008,0,0,1,1,1896.21594269779,100
Egypt,EGY,2012,0,2,0,2,2996.0677072015,109
Egypt,EGY,2016,0,0,3,3,3270.6287768197,121
El Salvador,ESA,1968,0,0,0,0,,60
El Salvador,ESA,1972,0,0,0,0,,11
El Salvador,ESA,1984,0,0,0,0,,10
El Salvador,ESA,1988,0,0,0,0,,6
El Salvador,ESA,1992,0,0,0,0,,4
El Salvador,ESA,1996,0,0,0,0,,8
El Salvador,ESA,2000,0,0,0,0,,8
El Salvador,ESA,2004,0,0,0,0,,7
El Salvador,ESA,2008,0,0,0,0,,11
El Salvador,ESA,2012,0,0,0,0,,10
El Salvador,ESA,2016,0,0,0,0,,8
Equatorial Guinea,GEQ,1984,0,0,0,0,,4
Equatorial Guinea,GEQ,1988,0,0,0,0,,6
Equatorial Guinea,GEQ,1992,0,0,0,0,,7
Equatorial Guinea,GEQ,1996,0,0,0,0,,5
Equatorial Guinea,GEQ,2000,0,0,0,0,,4
Equatorial Guinea,GEQ,2004,0,0,0,0,,2
Equatorial Guinea,GEQ,2008,0,0,0,0,,3
Equatorial Guinea,GEQ,2012,0,0,0,0,,2
Equatorial Guinea,GEQ,2016,0,0,0,0,,1
Eritrea,ERI,2000,0,0,0,0,314.357396753501,3
Eritrea,ERI,2004,0,0,1,1,426.840947887032,4
Eritrea,ERI,2008,0,0,0,0,490.066956003333,10
Eritrea,ERI,2012,0,0,0,0,,12
Eritrea,ERI,2016,0,0,0,0,,12
Estonia,EST,1992,1,0,2,3,,37
Estonia,EST,1996,0,0,0,0,3380.92630243199,43
Estonia,EST,2000,1,0,2,3,4070.6090241020806,33
Estonia,EST,2004,0,1,2,3,8916.0728274602,42
Estonia,EST,2008,1,2,0,3,18205.9064113446,47
Estonia,EST,2012,0,1,1,2,17568.2137969714,32
Estonia,EST,2016,0,0,4,4,18666.3736521706,46
Ethiopia,ETH,1960,1,0,0,1,75.3396090705961,10
Ethiopia,ETH,1964,1,0,0,1,83.8368648270969,12
Ethiopia,ETH,1968,1,1,0,2,99.4743651000667,18
Ethiopia,ETH,1972,0,0,2,2,119.83999712475699,31
Ethiopia,ETH,1980,2,0,2,4,203.68539444096504,41
Ethiopia,ETH,1992,1,0,2,3,207.406400863847,20
Ethiopia,ETH,1996,2,0,1,3,147.327458851964,18
Ethiopia,ETH,2000,4,1,3,8,122.269202606069,26
Ethiopia,ETH,2004,2,3,2,7,133.169812538096,26
Ethiopia,ETH,2008,4,1,2,7,316.410475118075,27
Ethiopia,ETH,2012,3,1,3,7,452.101031885754,33
Ethiopia,ETH,2016,1,2,5,8,641.651523286233,37
Fiji,FIJ,1960,0,0,0,0,,2
Fiji,FIJ,1968,0,0,0,0,,1
Fiji,FIJ,1972,0,0,0,0,,2
Fiji,FIJ,1976,0,0,0,0,,2
Fiji,FIJ,1984,0,0,0,0,,14
Fiji,FIJ,1988,0,0,0,0,,23
Fiji,FIJ,1992,0,0,0,0,,18
Fiji,FIJ,1996,0,0,0,0,,17
Fiji,FIJ,2000,0,0,0,0,,7
Fiji,FIJ,2004,0,0,0,0,,8
Fiji,FIJ,2008,0,0,0,0,,6
Fiji,FIJ,2012,0,0,0,0,,9
Fiji,FIJ,2016,13,0,0,13,,53
Finland,FIN,1960,1,1,4,6,1191.85508873415,117
Finland,FIN,1964,3,0,2,5,1725.60483489826,89
Finland,FIN,1968,1,2,1,4,1927.29380452918,66
Finland,FIN,1972,3,1,6,10,3177.9287929756,96
Finland,FIN,1976,4,2,0,6,6740.29145314637,83
Finland,FIN,1980,3,1,5,9,11224.9380036353,105
Finland,FIN,1984,4,2,6,12,10830.2185222663,86
Finland,FIN,1988,1,1,2,4,22043.7701596288,78
Finland,FIN,1992,1,4,2,7,22320.1124695857,88
Finland,FIN,1996,1,2,1,4,25756.6777073618,76
Finland,FIN,2000,3,1,1,5,24335.922508265896,70
Finland,FIN,2004,0,2,0,2,37768.1334202029,53
Finland,FIN,2008,1,2,2,5,53769.4726240385,57
Finland,FIN,2012,0,1,4,5,47551.6740841369,56
Finland,FIN,2016,0,0,1,1,43451.2562442158,54
France,FRA,1960,0,6,6,12,1306.79629911648,238
France,FRA,1964,1,13,17,31,1891.12061521027,138
France,FRA,1968,12,5,10,27,2518.15825593491,200
France,FRA,1972,2,5,15,22,3809.09946046394,227
France,FRA,1976,5,7,8,20,6792.3099035538,206
France,FRA,1980,18,5,6,29,12565.1639377144,121
France,FRA,1984,20,16,31,67,9311.89426452129,238
France,FRA,1988,12,4,13,29,17549.6440487161,266
France,FRA,1992,9,5,43,57,23615.0168565483,339
France,FRA,1996,21,10,20,51,26757.6351494145,299
France,FRA,2000,22,30,14,66,22340.5939516217,336
France,FRA,2004,21,10,22,53,33644.9282220364,308
France,FRA,2008,25,24,28,77,45464.8181385158,309
France,FRA,2012,30,30,22,82,40863.5814412333,324
France,FRA,2016,20,55,21,96,37024.2157133669,392
Gabon,GAB,1972,0,0,0,0,693.294831412979,1
Gabon,GAB,1984,0,0,0,0,4272.88216871705,4
Gabon,GAB,1988,0,0,0,0,4118.60473032795,2
Gabon,GAB,1992,0,0,0,0,5385.68811745078,5
Gabon,GAB,1996,0,0,0,0,4942.67870027615,7
Gabon,GAB,2000,0,0,0,0,3982.906200928,5
Gabon,GAB,2004,0,0,0,0,5465.79193590708,5
Gabon,GAB,2008,0,0,0,0,9688.64519690633,4
Gabon,GAB,2012,0,1,0,1,9296.96587941088,21
Gabon,GAB,2016,0,0,0,0,6677.070039016439,6
Gambia,GAM,1984,0,0,0,0,,10
Gambia,GAM,1988,0,0,0,0,,6
Gambia,GAM,1992,0,0,0,0,,5
Gambia,GAM,1996,0,0,0,0,,9
Gambia,GAM,2000,0,0,0,0,,2
Gambia,GAM,2004,0,0,0,0,,2
Gambia,GAM,2008,0,0,0,0,,3
Gambia,GAM,2012,0,0,0,0,,2
Gambia,GAM,2016,0,0,0,0,,4
Georgia,GEO,1996,0,0,2,2,689.034634153312,34
Georgia,GEO,2000,0,0,6,6,749.908534993961,36
Georgia,GEO,2004,2,2,0,4,1305.04748557208,32
Georgia,GEO,2008,3,0,3,6,3324.7537205015,35
Georgia,GEO,2012,1,3,3,7,4530.69533409431,34
Georgia,GEO,2016,2,1,4,7,4143.40125686315,40
Germany,DEU,1960,34,33,22,89,1162.12266831735,294
Germany,DEU,1964,22,44,50,116,1637.45522773672,337
Germany,DEU,1992,81,57,60,198,26559.854387963198,463
Germany,DEU,1996,42,35,47,124,30599.789104836298,466
Germany,DEU,2000,31,23,64,118,23925.8559901991,422
Germany,DEU,2004,41,45,63,149,34566.7359143735,441
Germany,DEU,2008,42,16,41,99,46379.1647953479,420
Germany,DEU,2012,45,27,22,94,44718.0159214069,383
Germany,DEU,2016,49,43,67,159,42948.9381932694,418
Germany,FRG,1968,17,16,18,51,,275
Germany,FRG,1972,44,19,39,102,,424
Germany,FRG,1976,21,25,32,78,,290
Germany,FRG,1984,30,75,53,158,,390
Germany,FRG,1988,32,37,46,115,,347
Germany,GDR,1968,13,20,19,52,,226
Germany,GDR,1972,30,64,57,151,,297
Germany,GDR,1976,102,51,42,195,,267
Germany,GDR,1980,115,88,61,264,,346
Germany,GDR,1988,79,54,48,181,,259
Ghana,GHA,1960,0,1,0,1,174.858856531804,13
Ghana,GHA,1964,0,0,1,1,224.968154393354,33
Ghana,GHA,1968,0,0,0,0,196.668571830464,31
Ghana,GHA,1972,0,0,1,1,223.80286383233,35
Ghana,GHA,1984,0,0,0,0,329.998888863111,21
Ghana,GHA,1988,0,0,0,0,355.121844932881,16
Ghana,GHA,1992,0,0,20,20,396.426407640517,34
Ghana,GHA,1996,0,0,0,0,389.271267898831,35
Ghana,GHA,2000,0,0,0,0,253.746936203344,22
Ghana,GHA,2004,0,0,0,0,406.132105329565,26
Ghana,GHA,2008,0,0,0,0,1182.65761256016,9
Ghana,GHA,2012,0,0,0,0,1543.77524235764,7
Ghana,GHA,2016,0,0,0,0,1912.47991339951,13
Greece,GRC,1960,3,0,0,3,513.085862390915,48
Greece,GRC,1964,0,0,0,0,772.805500770312,18
Greece,GRC,1968,0,0,1,1,1138.38219032671,44
Greece,GRC,1972,0,2,0,2,1873.25412773592,60
Greece,GRC,1976,0,0,0,0,3343.38819444676,36
Greece,GRC,1980,1,0,4,5,5811.69069600941,41
Greece,GRC,1984,0,1,1,2,4785.07463033775,63
Greece,GRC,1988,0,0,1,1,7492.35204811251,56
Greece,GRC,1992,2,0,0,2,11021.012224607,70
Greece,GRC,1996,4,4,0,8,13432.526218324401,121
Greece,GRC,2000,4,6,8,18,11638.2010697215,140
Greece,GRC,2004,8,18,5,31,21449.2552764245,426
Greece,GRC,2008,0,3,4,7,31695.8331092209,152
Greece,GRC,2012,0,0,3,3,21624.346052551,102
Greece,GRC,2016,3,1,3,7,17919.2426377048,92
Grenada,GRN,1984,0,0,0,0,,6
Grenada,GRN,1988,0,0,0,0,,6
Grenada,GRN,1992,0,0,0,0,,4
Grenada,GRN,1996,0,0,0,0,,5
Grenada,GRN,2000,0,0,0,0,,3
Grenada,GRN,2004,0,0,0,0,,5
Grenada,GRN,2008,0,0,0,0,,9
Grenada,GRN,2012,1,0,0,1,,8
Grenada,GRN,2016,0,1,0,1,,6
Guam,GUM,1988,0,0,0,0,,19
Guam,GUM,1992,0,0,0,0,,22
Guam,GUM,1996,0,0,0,0,,8
Guam,GUM,2000,0,0,0,0,,7
Guam,GUM,2004,0,0,0,0,23618.8266894573,4
Guam,GUM,2008,0,0,0,0,28112.2316573422,6
Guam,GUM,2012,0,0,0,0,31653.7506538168,8
Guam,GUM,2016,0,0,0,0,35930.6594898711,5
Guatemala,GUA,1968,0,0,0,0,,48
Guatemala,GUA,1972,0,0,0,0,,8
Guatemala,GUA,1976,0,0,0,0,,28
Guatemala,GUA,1980,0,0,0,0,,10
Guatemala,GUA,1984,0,0,0,0,,24
Guatemala,GUA,1988,0,0,0,0,,28
Guatemala,GUA,1992,0,0,0,0,,14
Guatemala,GUA,1996,0,0,0,0,,26
Guatemala,GUA,2000,0,0,0,0,,15
Guatemala,GUA,2004,0,0,0,0,,18
Guatemala,GUA,2008,0,0,0,0,,12
Guatemala,GUA,2012,0,1,0,1,,19
Guatemala,GUA,2016,0,0,0,0,,21
Guinea,GUI,1968,0,0,0,0,,15
Guinea,GUI,1980,0,0,0,0,,9
Guinea,GUI,1984,0,0,0,0,,1
Guinea,GUI,1988,0,0,0,0,,6
Guinea,GUI,1992,0,0,0,0,,8
Guinea,GUI,1996,0,0,0,0,,5
Guinea,GUI,2000,0,0,0,0,,6
Guinea,GUI,2004,0,0,0,0,,3
Guinea,GUI,2008,0,0,0,0,,5
Guinea,GUI,2012,0,0,0,0,,4
Guinea,GUI,2016,0,0,0,0,,5
Guinea-Bissau,GBS,1996,0,0,0,0,,3
Guinea-Bissau,GBS,2000,0,0,0,0,,3
Guinea-Bissau,GBS,2004,0,0,0,0,,3
Guinea-Bissau,GBS,2008,0,0,0,0,,3
Guinea-Bissau,GBS,2012,0,0,0,0,,4
Guinea-Bissau,GBS,2016,0,0,0,0,,5
Guyana,GUY,1960,0,0,0,0,299.074645785091,5
Guyana,GUY,1964,0,0,0,0,313.261161893769,1
Guyana,GUY,1968,0,0,0,0,339.786441079035,5
Guyana,GUY,1972,0,0,0,0,395.474264576572,3
Guyana,GUY,1980,0,0,1,1,778.958814102357,8
Guyana,GUY,1984,0,0,0,0,565.33443558244,10
Guyana,GUY,1988,0,0,0,0,544.715209244099,8
Guyana,GUY,1992,0,0,0,0,498.156636569954,6
Guyana,GUY,1996,0,0,0,0,927.5238472116691,7
Guyana,GUY,2000,0,0,0,0,931.796651718955,4
Guyana,GUY,2004,0,0,0,0,1033.31030902188,4
Guyana,GUY,2008,0,0,0,0,4008.9628671603,4
Guyana,GUY,2012,0,0,0,0,5444.39751913913,6
Guyana,GUY,2016,0,0,0,0,5870.87823759835,6
Haiti,HAI,1960,0,0,0,0,,1
Haiti,HAI,1972,0,0,0,0,,7
Haiti,HAI,1976,0,0,0,0,,13
Haiti,HAI,1984,0,0,0,0,,3
Haiti,HAI,1988,0,0,0,0,,4
Haiti,HAI,1992,0,0,0,0,,7
Haiti,HAI,1996,0,0,0,0,,7
Haiti,HAI,2000,0,0,0,0,,5
Haiti,HAI,2004,0,0,0,0,,8
Haiti,HAI,2008,0,0,0,0,,7
Haiti,HAI,2012,0,0,0,0,,5
Haiti,HAI,2016,0,0,0,0,,10
Honduras,HON,1968,0,0,0,0,,6
Honduras,HON,1976,0,0,0,0,,3
Honduras,HON,1984,0,0,0,0,,10
Honduras,HON,1988,0,0,0,0,,8
Honduras,HON,1992,0,0,0,0,,10
Honduras,HON,1996,0,0,0,0,,7
Honduras,HON,2000,0,0,0,0,,20
Honduras,HON,2004,0,0,0,0,,5
Honduras,HON,2008,0,0,0,0,,25
Honduras,HON,2012,0,0,0,0,,25
Honduras,HON,2016,0,0,0,0,,23
Hungary,HUN,1960,13,16,37,66,,184
Hungary,HUN,1964,42,7,7,56,,182
Hungary,HUN,1968,32,20,29,81,476.434350138292,167
Hungary,HUN,1972,10,46,25,81,709.652502602719,232
Hungary,HUN,1976,14,6,35,55,1248.79851313891,178
Hungary,HUN,1980,8,13,40,61,2158.22181355246,263
Hungary,HUN,1988,20,9,15,44,2812.23754602897,188
Hungary,HUN,1992,14,23,8,45,3747.32966394956,217
Hungary,HUN,1996,8,9,26,43,4542.0120380978,213
Hungary,HUN,2000,25,24,4,53,4629.91760812548,178
Hungary,HUN,2004,24,12,4,40,10291.2694721409,209
Hungary,HUN,2008,16,8,3,27,15762.6322515113,171
Hungary,HUN,2012,12,8,6,26,12950.1594488143,152
Hungary,HUN,2016,12,3,7,22,13215.860527778901,154
Iceland,ISL,1960,0,0,0,0,1486.46439009414,9
Iceland,ISL,1964,0,0,0,0,2414.00707361378,4
Iceland,ISL,1968,0,0,0,0,2473.42372591393,8
Iceland,ISL,1972,0,0,0,0,4155.18509800672,25
Iceland,ISL,1976,0,0,0,0,7848.3489698757,13
Iceland,ISL,1980,0,0,0,0,15339.9112964156,9
Iceland,ISL,1984,0,0,1,1,12377.5860216394,30
Iceland,ISL,1988,0,0,0,0,25306.692606100096,32
Iceland,ISL,1992,0,0,0,0,28072.4041083276,27
Iceland,ISL,1996,0,0,0,0,28583.5208959793,9
Iceland,ISL,2000,0,0,1,1,32503.578963236,18
Iceland,ISL,2004,0,0,0,0,47809.6073050042,26
Iceland,ISL,2008,0,14,0,14,57489.3399795216,27
Iceland,ISL,2012,0,0,0,0,46594.9869146614,27
Iceland,ISL,2016,0,0,0,0,62854.0906407932,8
India,IND,1960,0,13,0,13,84.9328084793106,45
India,IND,1964,15,0,0,15,117.856430772855,53
India,IND,1968,0,0,16,16,101.556802521195,25
India,IND,1972,0,0,14,14,125.27070596188202,41
India,IND,1976,0,0,0,0,164.119999587322,26
India,IND,1980,16,0,0,16,271.080945953678,72
India,IND,1984,0,0,0,0,281.049867840717,48
India,IND,1988,0,0,0,0,358.484539641693,46
India,IND,1992,0,0,0,0,319.182472626315,52
India,IND,1996,0,0,1,1,401.0467546735791,49
India,IND,2000,0,0,1,1,442.750218937263,65
India,IND,2004,0,1,0,1,624.258826510066,73
India,IND,2008,1,0,2,3,992.519584923828,53
India,IND,2012,0,2,4,6,1429.32199520032,81
India,IND,2016,0,1,1,2,1707.50892912243,112
Individual Olympic Athletes,IOA,1992,0,1,2,3,,58
Individual Olympic Athletes,IOA,2000,0,0,0,0,,4
Individual Olympic Athletes,IOA,2012,0,0,0,0,,4
Individual Olympic Athletes,IOA,2016,1,0,1,2,,9
Indonesia,INA,1960,0,0,0,0,,22
Indonesia,INA,1968,0,0,0,0,,6
Indonesia,INA,1972,0,0,0,0,,6
Indonesia,INA,1976,0,0,0,0,,7
Indonesia,INA,1984,0,0,0,0,,16
Indonesia,INA,1988,0,3,0,3,,29
Indonesia,INA,1992,2,3,1,6,,42
Indonesia,INA,1996,2,1,3,6,,40
Indonesia,INA,2000,2,4,2,8,,47
Indonesia,INA,2004,1,1,3,5,,38
Indonesia,INA,2008,2,2,3,7,,24
Indonesia,INA,2012,0,1,1,2,,22
Indonesia,INA,2016,2,2,0,4,,28
Iran,IRI,1960,0,1,3,4,,23
Iran,IRI,1964,0,0,2,2,,62
Iran,IRI,1968,2,1,2,5,,14
Iran,IRI,1972,0,2,1,3,,48
Iran,IRI,1976,0,1,1,2,,84
Iran,IRI,1988,0,1,0,1,,23
Iran,IRI,1992,0,1,2,3,,36
Iran,IRI,1996,1,1,1,3,,18
Iran,IRI,2000,3,0,1,4,,33
Iran,IRI,2004,2,2,2,6,,37
Iran,IRI,2008,1,0,1,2,,54
Iran,IRI,2012,4,5,3,12,,52
Iran,IRI,2016,3,1,4,8,,63
Iraq,IRQ,1960,0,0,1,1,218.917802531101,21
Iraq,IRQ,1964,0,0,0,0,269.423092996101,13
Iraq,IRQ,1968,0,0,0,0,318.832552563525,3
Iraq,IRQ,1980,0,0,0,0,3867.64500744262,43
Iraq,IRQ,1984,0,0,0,0,3065.7178266236,23
Iraq,IRQ,1988,0,0,0,0,3707.20841763297,27
Iraq,IRQ,1992,0,0,0,0,30.2539012636825,8
Iraq,IRQ,1996,0,0,0,0,485.258492784825,3
Iraq,IRQ,2000,0,0,0,0,1980.18916038782,4
Iraq,IRQ,2004,0,0,0,0,1328.37157628292,24
Iraq,IRQ,2008,0,0,0,0,4542.96609046032,4
Iraq,IRQ,2012,0,0,0,0,6477.59618450955,8
Iraq,IRQ,2016,0,0,0,0,4334.42096404188,20
Ireland,IRL,1960,0,0,0,0,706.551022345168,49
Ireland,IRL,1964,0,0,1,1,994.607331611746,25
Ireland,IRL,1968,0,0,0,0,1158.85549787929,31
Ireland,IRL,1972,0,0,0,0,2080.46514718169,59
Ireland,IRL,1976,0,0,0,0,2919.58308695615,44
Ireland,IRL,1980,0,2,1,3,6372.43777545453,47
Ireland,IRL,1984,0,1,0,1,5692.02738597285,42
Ireland,IRL,1988,0,0,0,0,10715.8702780539,61
Ireland,IRL,1992,1,1,0,2,15714.384748723101,58
Ireland,IRL,1996,3,0,1,4,20835.8977130847,78
Ireland,IRL,2000,0,1,0,1,26334.5672050501,64
Ireland,IRL,2004,0,0,0,0,47754.2023194244,46
Ireland,IRL,2008,0,1,2,3,61353.1065629523,55
Ireland,IRL,2012,1,1,3,5,49335.8408099555,64
Ireland,IRL,2016,0,3,0,3,64129.5571542383,76
Israel,ISR,1960,0,0,0,0,1452.48664030437,23
Israel,ISR,1964,0,0,0,0,1625.9979202214001,10
Israel,ISR,1968,0,0,0,0,1947.3520969982499,29
Israel,ISR,1972,0,0,0,0,2929.65614313336,14
Israel,ISR,1976,0,0,0,0,4516.37405887818,26
Israel,ISR,1984,0,0,0,0,7368.50379730819,32
Israel,ISR,1988,0,0,0,0,11852.9826452892,18
Israel,ISR,1992,0,1,1,2,15509.991363881702,30
Israel,ISR,1996,0,0,1,1,20224.2789080629,25
Israel,ISR,2000,0,0,1,1,21706.5194056329,39
Israel,ISR,2004,1,0,1,2,20568.0694088834,36
Israel,ISR,2008,0,0,1,1,30269.217773489,43
Israel,ISR,2012,0,0,0,0,33321.4300881602,37
Israel,ISR,2016,0,0,2,2,37671.5389138798,47
Italy,ITA,1960,36,18,34,88,836.905850281885,280
Italy,ITA,1964,14,28,9,51,1271.80119301518,168
Italy,ITA,1968,5,8,20,33,1718.49646427147,167
Italy,ITA,1972,9,3,13,25,2677.29372999774,224
Italy,ITA,1976,2,25,4,31,4042.3948246378895,210
Italy,ITA,1980,8,21,8,37,8476.41045000836,159
Italy,ITA,1984,29,6,28,63,7757.55374836822,268
Italy,ITA,1988,11,10,8,29,15780.949512217401,253
Italy,ITA,1992,21,10,14,45,23297.0460325456,304
Italy,ITA,1996,19,24,28,71,23122.9337219116,340
Italy,ITA,2000,22,14,29,65,20190.0035636084,361
Italy,ITA,2004,24,41,39,104,31348.1901841445,364
Italy,ITA,2008,8,14,20,42,40828.579558093705,333
Italy,ITA,2012,16,22,30,68,34854.3949441965,281
Italy,ITA,2016,8,40,24,72,31391.569289810795,309
Ivory Coast,CIV,1964,0,0,0,0,215.50624026426104,9
Ivory Coast,CIV,1968,0,0,0,0,256.768714344803,10
Ivory Coast,CIV,1972,0,0,0,0,312.942348100524,11
Ivory Coast,CIV,1976,0,0,0,0,660.538618229175,8
Ivory Coast,CIV,1984,0,1,0,1,708.940252199945,15
Ivory Coast,CIV,1988,0,0,0,0,909.534182158689,28
Ivory Coast,CIV,1992,0,0,0,0,844.902223806738,13
Ivory Coast,CIV,1996,0,0,0,0,1170.23622049666,11
Ivory Coast,CIV,2000,0,0,0,0,936.6365413487979,14
Ivory Coast,CIV,2004,0,0,0,0,1199.82524528546,5
Ivory Coast,CIV,2008,0,0,0,0,1583.97066701372,21
Ivory Coast,CIV,2012,0,0,0,0,1546.9460184731,9
Ivory Coast,CIV,2016,1,0,1,2,1862.59597081287,12
Jamaica,JAM,1964,0,0,0,0,514.416511313452,21
Jamaica,JAM,1968,0,1,0,1,591.045817173244,25
Jamaica,JAM,1972,0,0,1,1,970.802906405502,33
Jamaica,JAM,1976,1,1,0,2,1449.977882067,20
Jamaica,JAM,1980,0,0,3,3,1248.74484727418,18
Jamaica,JAM,1984,0,5,2,7,1048.13405395534,45
Jamaica,JAM,1988,0,7,0,7,1632.01481656159,35
Jamaica,JAM,1992,0,3,1,4,1458.1014689263498,36
Jamaica,JAM,1996,1,3,12,16,2928.89692611996,46
Jamaica,JAM,2000,0,20,3,23,3453.09252800226,48
Jamaica,JAM,2004,6,1,6,13,3807.56293124552,47
Jamaica,JAM,2008,5,3,6,14,5029.80095281745,50
Jamaica,JAM,2012,8,9,8,25,5340.83333232158,45
Jamaica,JAM,2016,11,17,2,30,5302.29553353854,56
Japan,JPN,1960,9,10,12,31,508.702779291773,162
Japan,JPN,1964,32,5,25,62,902.867721515126,328
Japan,JPN,1968,16,25,22,63,1553.27139379996,171
Japan,JPN,1972,29,19,8,56,3031.43860570759,184
Japan,JPN,1976,25,6,10,41,5310.43140904992,213
Japan,JPN,1984,10,8,31,49,11207.4523524293,226
Japan,JPN,1988,4,3,13,20,25499.8811728107,255
Japan,JPN,1992,3,8,36,47,31992.790211916104,256
Japan,JPN,1996,3,26,13,42,39150.039630808904,306
Japan,JPN,2000,5,31,8,44,39169.3595701504,266
Japan,JPN,2004,21,20,52,93,38298.9801712303,306
Japan,JPN,2008,23,15,13,51,39876.3039685725,332
Japan,JPN,2012,7,44,33,84,49145.2804308193,291
Japan,JPN,2016,17,13,34,64,39375.4731620781,335
Jordan,JOR,1980,0,0,0,0,1750.0980107656403,4
Jordan,JOR,1984,0,0,0,0,1871.09074979987,13
Jordan,JOR,1988,0,0,0,0,1965.98031813995,7
Jordan,JOR,1992,0,0,0,0,1286.6347360596,4
Jordan,JOR,1996,0,0,0,0,1410.17424189419,5
Jordan,JOR,2000,0,0,0,0,1570.61002940477,8
Jordan,JOR,2004,0,0,0,0,1940.08641342805,8
Jordan,JOR,2008,0,0,0,0,3241.6524135556,7
Jordan,JOR,2012,0,0,0,0,4169.50470054618,9
Jordan,JOR,2016,1,0,0,1,3986.71677010853,8
Kazakhstan,KAZ,1996,3,4,4,11,1281.39152895397,96
Kazakhstan,KAZ,2000,3,4,0,7,1180.0444563226,130
Kazakhstan,KAZ,2004,1,4,3,8,2722.47407755402,114
Kazakhstan,KAZ,2008,2,4,7,13,8123.54705891736,130
Kazakhstan,KAZ,2012,7,1,5,13,12018.7966527993,113
Kazakhstan,KAZ,2016,3,5,10,18,7475.56688689424,101
Kenya,KEN,1960,0,0,0,0,102.824417465582,27
Kenya,KEN,1964,0,0,1,1,111.300544823892,37
Kenya,KEN,1968,3,7,2,12,128.654646882243,39
Kenya,KEN,1972,5,3,4,12,172.642044778441,57
Kenya,KEN,1984,1,0,2,3,334.40283575753,61
Kenya,KEN,1988,5,2,2,9,391.23877120428193,74
Kenya,KEN,1992,2,4,2,8,336.68139978696,49
Kenya,KEN,1996,1,4,3,8,440.527078880876,52
Kenya,KEN,2000,2,3,2,7,414.626365130846,56
Kenya,KEN,2004,1,4,2,7,463.662781300121,46
Kenya,KEN,2008,6,4,5,15,915.5443547360398,46
Kenya,KEN,2012,2,4,5,11,1285.00536171512,47
Kenya,KEN,2016,6,6,1,13,1554.12610314423,79
Kiribati,KIR,2004,0,0,0,0,1083.2688987175,3
Kiribati,KIR,2008,0,0,0,0,1410.62246914058,2
Kiribati,KIR,2012,0,0,0,0,1843.55336349889,3
Kiribati,KIR,2016,0,0,0,0,1742.66799324117,3
Kosovo,KOS,2016,1,0,0,1,,8
Kuwait,KUW,1968,0,0,0,0,,2
Kuwait,KUW,1972,0,0,0,0,,4
Kuwait,KUW,1976,0,0,0,0,,15
Kuwait,KUW,1980,0,0,0,0,,56
Kuwait,KUW,1984,0,0,0,0,,23
Kuwait,KUW,1988,0,0,0,0,,25
Kuwait,KUW,1992,0,0,0,0,,32
Kuwait,KUW,1996,0,0,0,0,,25
Kuwait,KUW,2000,0,0,1,1,,29
Kuwait,KUW,2004,0,0,0,0,,11
Kuwait,KUW,2008,0,0,0,0,,8
Kuwait,KUW,2012,0,0,1,1,,10
Kyrgyzstan,KGZ,1996,0,0,0,0,394.856879614212,33
Kyrgyzstan,KGZ,2000,0,0,1,1,279.621738464365,48
Kyrgyzstan,KGZ,2004,0,0,0,0,433.233873286,29
Kyrgyzstan,KGZ,2008,0,1,1,2,966.3885693704941,20
Kyrgyzstan,KGZ,2012,0,0,0,0,1168.62244675446,14
Kyrgyzstan,KGZ,2016,0,0,0,0,1103.27489428412,19
Laos,LAO,1980,0,0,0,0,,19
Laos,LAO,1988,0,0,0,0,147.070942942331,3
Laos,LAO,1992,0,0,0,0,247.345286150532,6
Laos,LAO,1996,0,0,0,0,371.341879197673,5
Laos,LAO,2000,0,0,0,0,318.749852236965,3
Laos,LAO,2004,0,0,0,0,409.296298284117,5
Laos,LAO,2008,0,0,0,0,885.747376088762,4
Laos,LAO,2012,0,0,0,0,1563.5650771336998,3
Laos,LAO,2016,0,0,0,0,2303.22156035363,5
Latvia,LAT,1992,0,2,1,3,,34
Latvia,LAT,1996,0,1,0,1,,47
Latvia,LAT,2000,1,1,1,3,,45
Latvia,LAT,2004,0,4,0,4,,32
Latvia,LAT,2008,1,1,1,3,,47
Latvia,LAT,2012,1,0,2,3,,45
Latvia,LAT,2016,0,0,0,0,,32
Lebanon,LIB,1960,0,0,0,0,,19
Lebanon,LIB,1964,0,0,0,0,,5
Lebanon,LIB,1968,0,0,0,0,,11
Lebanon,LIB,1972,0,1,0,1,,19
Lebanon,LIB,1976,0,0,0,0,,3
Lebanon,LIB,1980,0,0,1,1,,15
Lebanon,LIB,1984,0,0,0,0,,22
Lebanon,LIB,1988,0,0,0,0,,21
Lebanon,LIB,1992,0,0,0,0,,12
Lebanon,LIB,1996,0,0,0,0,,1
Lebanon,LIB,2000,0,0,0,0,,6
Lebanon,LIB,2004,0,0,0,0,,5
Lebanon,LIB,2008,0,0,0,0,,6
Lebanon,LIB,2012,0,0,0,0,,10
Lebanon,LIB,2016,0,0,0,0,,9
Lesotho,LES,1972,0,0,0,0,,1
Lesotho,LES,1980,0,0,0,0,,5
Lesotho,LES,1984,0,0,0,0,,4
Lesotho,LES,1988,0,0,0,0,,6
Lesotho,LES,1992,0,0,0,0,,6
Lesotho,LES,1996,0,0,0,0,,9
Lesotho,LES,2000,0,0,0,0,,6
Lesotho,LES,2004,0,0,0,0,,3
Lesotho,LES,2008,0,0,0,0,,5
Lesotho,LES,2012,0,0,0,0,,4
Lesotho,LES,2016,0,0,0,0,,8
Liberia,LBR,1960,0,0,0,0,167.171498224694,4
Liberia,LBR,1964,0,0,0,0,173.926490274043,1
Liberia,LBR,1972,0,0,0,0,238.61097966512597,5
Liberia,LBR,1984,0,0,0,0,390.407957992226,7
Liberia,LBR,1988,0,0,0,0,424.325719336919,8
Liberia,LBR,1996,0,0,0,0,71.4065248720036,5
Liberia,LBR,2000,0,0,0,0,298.485340578945,8
Liberia,LBR,2004,0,0,0,0,284.140223992458,2
Liberia,LBR,2008,0,0,0,0,451.713856283285,3
Liberia,LBR,2012,0,0,0,0,638.368751462083,3
Liberia,LBR,2016,0,0,0,0,714.613063145659,2
Libya,LBA,1968,0,0,0,0,,1
Libya,LBA,1980,0,0,0,0,,29
Libya,LBA,1988,0,0,0,0,,6
Libya,LBA,1992,0,0,0,0,,5
Libya,LBA,1996,0,0,0,0,,5
Libya,LBA,2000,0,0,0,0,,3
Libya,LBA,2004,0,0,0,0,,8
Libya,LBA,2008,0,0,0,0,,6
Libya,LBA,2012,0,0,0,0,,4
Libya,LBA,2016,0,0,0,0,,7
Liechtenstein,LIE,1960,0,0,0,0,,5
Liechtenstein,LIE,1964,0,0,0,0,,2
Liechtenstein,LIE,1968,0,0,0,0,,2
Liechtenstein,LIE,1972,0,0,0,0,5645.232664188511,6
Liechtenstein,LIE,1976,0,0,0,0,11326.3488431219,6
Liechtenstein,LIE,1984,0,0,0,0,18898.3678693391,7
Liechtenstein,LIE,1988,0,0,0,0,41568.5441182755,12
Liechtenstein,LIE,1992,0,0,0,0,55057.1110625654,7
Liechtenstein,LIE,1996,0,0,0,0,80688.7182490376,2
Liechtenstein,LIE,2000,0,0,0,0,76087.911114202,2
Liechtenstein,LIE,2004,0,0,0,0,100280.831356705,1
Liechtenstein,LIE,2008,0,0,0,0,143249.227302093,2
Liechtenstein,LIE,2012,0,0,0,0,148842.035144342,3
Liechtenstein,LIE,2016,0,0,0,0,165375.491396259,3
Lithuania,LTU,1992,1,0,12,13,,47
Lithuania,LTU,1996,0,0,11,11,2340.67545970008,61
Lithuania,LTU,2000,2,0,15,17,3300.63634928559,61
Lithuania,LTU,2004,1,2,0,3,6734.57487061946,59
Lithuania,LTU,2008,0,2,3,5,14955.5345462921,71
Lithuania,LTU,2012,2,1,2,5,14288.1853493139,62
Lithuania,LTU,2016,0,2,5,7,14934.2702840428,67
Luxembourg,LUX,1960,0,0,0,0,2261.17741836594,52
Luxembourg,LUX,1964,0,0,0,0,2779.1843974632607,12
Luxembourg,LUX,1968,0,0,0,0,3202.50594852825,5
Luxembourg,LUX,1972,0,0,0,0,5486.72062789089,11
Luxembourg,LUX,1976,0,0,0,0,9490.6903118849,8
Luxembourg,LUX,1980,0,0,0,0,16531.1148988397,3
Luxembourg,LUX,1984,0,0,0,0,12126.9391987909,5
Luxembourg,LUX,1988,0,0,0,0,25219.354278173196,8
Luxembourg,LUX,1992,0,0,0,0,39570.8615665986,6
Luxembourg,LUX,1996,0,0,0,0,50444.35912361749,6
Luxembourg,LUX,2000,0,0,0,0,48659.5988753233,7
Luxembourg,LUX,2004,0,0,0,0,76544.91708684729,10
Luxembourg,LUX,2008,0,0,0,0,120422.13793415698,13
Luxembourg,LUX,2012,0,0,0,0,112584.67627095802,9
Luxembourg,LUX,2016,0,0,0,0,106899.293549552,10
Macedonia,MKD,1996,0,0,0,0,2306.53366957635,11
Macedonia,MKD,2000,0,0,1,1,1861.8989978064399,10
Macedonia,MKD,2004,0,0,0,0,2818.5814561242,10
Macedonia,MKD,2008,0,0,0,0,5026.4202989873,7
Macedonia,MKD,2012,0,0,0,0,5049.8265386157,4
Macedonia,MKD,2016,0,0,0,0,5598.48622617967,6
Madagascar,MAD,1964,0,0,0,0,,3
Madagascar,MAD,1968,0,0,0,0,,4
Madagascar,MAD,1972,0,0,0,0,,11
Madagascar,MAD,1980,0,0,0,0,,11
Madagascar,MAD,1984,0,0,0,0,,5
Madagascar,MAD,1992,0,0,0,0,,13
Madagascar,MAD,1996,0,0,0,0,,11
Madagascar,MAD,2000,0,0,0,0,,11
Madagascar,MAD,2004,0,0,0,0,,8
Madagascar,MAD,2008,0,0,0,0,,6
Madagascar,MAD,2012,0,0,0,0,,7
Madagascar,MAD,2016,0,0,0,0,,6
Malawi,MAW,1972,0,0,0,0,,16
Malawi,MAW,1984,0,0,0,0,,15
Malawi,MAW,1988,0,0,0,0,,16
Malawi,MAW,1992,0,0,0,0,,4
Malawi,MAW,1996,0,0,0,0,,2
Malawi,MAW,2000,0,0,0,0,,2
Malawi,MAW,2004,0,0,0,0,,4
Malawi,MAW,2008,0,0,0,0,,4
Malawi,MAW,2012,0,0,0,0,,3
Malawi,MAW,2016,0,0,0,0,,5
Malaysia,MAL,1960,0,0,0,0,,9
Malaysia,MAS,1964,0,0,0,0,,61
Malaysia,MAS,1968,0,0,0,0,,31
Malaysia,MAS,1972,0,0,0,0,,45
Malaysia,MAS,1976,0,0,0,0,,23
Malaysia,MAS,1984,0,0,0,0,,21
Malaysia,MAS,1988,0,0,0,0,,9
Malaysia,MAS,1992,0,0,2,2,,26
Malaysia,MAS,1996,0,2,1,3,,35
Malaysia,MAS,2000,0,0,0,0,,40
Malaysia,MAS,2004,0,0,0,0,,26
Malaysia,MAS,2008,0,1,0,1,,32
Malaysia,MAS,2012,0,1,1,2,,29
Malaysia,MAS,2016,0,7,1,8,,32
Maldives,MDV,1988,0,0,0,0,799.082501719284,7
Maldives,MDV,1992,0,0,0,0,1194.2325242813,7
Maldives,MDV,1996,0,0,0,0,1716.74281753716,6
Maldives,MDV,2000,0,0,0,0,2213.81235053178,4
Maldives,MDV,2004,0,0,0,0,4070.2609459446,4
Maldives,MDV,2008,0,0,0,0,6757.43280929292,4
Maldives,MDV,2012,0,0,0,0,7461.29703686309,5
Maldives,MDV,2016,0,0,0,0,9947.80744731739,4
Mali,MLI,1964,0,0,0,0,,2
Mali,MLI,1968,0,0,0,0,56.5137530466331,2
Mali,MLI,1972,0,0,0,0,75.0521043387011,3
Mali,MLI,1980,0,0,0,0,359.12056332085,7
Mali,MLI,1984,0,0,0,0,169.067780598011,4
Mali,MLI,1988,0,0,0,0,307.019371606958,6
Mali,MLI,1992,0,0,0,0,385.278654489301,5
Mali,MLI,1996,0,0,0,0,359.662096047648,3
Mali,MLI,2000,0,0,0,0,304.652870194271,5
Mali,MLI,2004,0,0,0,0,495.006294680645,21
Mali,MLI,2008,0,0,0,0,767.19483895009,17
Mali,MLI,2012,0,0,0,0,872.506092465564,6
Mali,MLI,2016,0,0,0,0,872.468587171653,6
Malta,MLT,1960,0,0,0,0,,10
Malta,MLT,1968,0,0,0,0,,1
Malta,MLT,1972,0,0,0,0,975.720378043786,5
Malta,MLT,1980,0,0,0,0,3948.26572689504,8
Malta,MLT,1984,0,0,0,0,3332.82018387922,7
Malta,MLT,1988,0,0,0,0,5814.44775940093,6
Malta,MLT,1992,0,0,0,0,8220.33403924666,6
Malta,MLT,1996,0,0,0,0,10061.850192141,7
Malta,MLT,2000,0,0,0,0,10348.485890240301,7
Malta,MLT,2004,0,0,0,0,15212.1313438497,7
Malta,MLT,2008,0,0,0,0,22315.3104212988,6
Malta,MLT,2012,0,0,0,0,22878.3130866521,5
Malta,MLT,2016,0,0,0,0,26459.0770929988,7
Marshall Islands,MHL,2008,0,0,0,0,2817.60522775322,5
Marshall Islands,MHL,2012,0,0,0,0,3514.26515490383,4
Marshall Islands,MHL,2016,0,0,0,0,4229.80988911945,5
Mauritania,MTN,1984,0,0,0,0,,2
Mauritania,MTN,1988,0,0,0,0,,6
Mauritania,MTN,1992,0,0,0,0,,6
Mauritania,MTN,1996,0,0,0,0,,4
Mauritania,MTN,2000,0,0,0,0,,2
Mauritania,MTN,2004,0,0,0,0,,2
Mauritania,MTN,2008,0,0,0,0,,2
Mauritania,MTN,2012,0,0,0,0,,2
Mauritania,MTN,2016,0,0,0,0,,2
Mauritius,MRI,1984,0,0,0,0,,4
Mauritius,MRI,1988,0,0,0,0,,8
Mauritius,MRI,1992,0,0,0,0,,13
Mauritius,MRI,1996,0,0,0,0,,26
Mauritius,MRI,2000,0,0,0,0,,20
Mauritius,MRI,2004,0,0,0,0,,9
Mauritius,MRI,2008,0,0,1,1,,11
Mauritius,MRI,2012,0,0,0,0,,11
Mauritius,MRI,2016,0,0,0,0,,11
Mexico,MEX,1960,0,0,1,1,355.075199563018,69
Mexico,MEX,1964,0,0,1,1,480.704214437745,94
Mexico,MEX,1968,3,3,3,9,615.922912128842,275
Mexico,MEX,1972,0,1,0,1,836.569673446138,174
Mexico,MEX,1976,1,0,1,2,1465.49877862474,97
Mexico,MEX,1980,0,1,9,10,3054.62162291784,45
Mexico,MEX,1984,2,3,1,6,2506.30742754755,99
Mexico,MEX,1988,0,0,2,2,2278.81222720992,83
Mexico,MEX,1992,0,1,0,1,4220.56643677057,102
Mexico,MEX,1996,0,0,1,1,4674.36792733681,98
Mexico,MEX,2000,1,2,3,6,7524.0271380091,78
Mexico,MEX,2004,0,3,1,4,7849.667596495651,109
Mexico,MEX,2008,2,0,2,4,10523.7685403244,83
Mexico,MEX,2012,16,5,3,24,10744.1335242686,99
Mexico,MEX,2016,0,3,2,5,9097.92397674769,123
Micronesia,FSM,2000,0,0,0,0,2049.3453246655,5
Micronesia,FSM,2004,0,0,0,0,2104.42804750084,5
Micronesia,FSM,2008,0,0,0,0,2369.50811741318,5
Micronesia,FSM,2012,0,0,0,0,2992.2891609907697,6
Micronesia,FSM,2016,0,0,0,0,2979.60119184048,5
Moldova,MDA,1996,0,2,1,3,575.145455139019,40
Moldova,MDA,2000,0,1,1,2,440.538683980372,34
Moldova,MDA,2004,0,0,0,0,897.178494749468,33
Moldova,MDA,2008,0,0,1,1,2110.55305353857,29
Moldova,MDA,2012,0,0,2,2,3044.8084324815,20
Moldova,MDA,2016,0,0,0,0,2847.08794770479,23
Monaco,MON,1960,0,0,0,0,,11
Monaco,MON,1964,0,0,0,0,,1
Monaco,MON,1968,0,0,0,0,,2
Monaco,MON,1972,0,0,0,0,,5
Monaco,MON,1976,0,0,0,0,,8
Monaco,MON,1984,0,0,0,0,,8
Monaco,MON,1988,0,0,0,0,,9
Monaco,MON,1992,0,0,0,0,,2
Monaco,MON,1996,0,0,0,0,,3
Monaco,MON,2000,0,0,0,0,,4
Monaco,MON,2004,0,0,0,0,,3
Monaco,MON,2008,0,0,0,0,,5
Monaco,MON,2012,0,0,0,0,,6
Monaco,MON,2016,0,0,0,0,,3
Mongolia,MGL,1964,0,0,0,0,,21
Mongolia,MGL,1968,0,1,3,4,,16
Mongolia,MGL,1972,0,1,0,1,,39
Mongolia,MGL,1976,0,1,0,1,,32
Mongolia,MGL,1980,0,2,2,4,,43
Mongolia,MGL,1988,0,0,1,1,,28
Mongolia,MGL,1992,0,0,2,2,,33
Mongolia,MGL,1996,0,0,1,1,,16
Mongolia,MGL,2000,0,0,0,0,,20
Mongolia,MGL,2004,0,0,1,1,,20
Mongolia,MGL,2008,2,2,0,4,,28
Mongolia,MGL,2012,0,2,3,5,,29
Mongolia,MGL,2016,0,1,1,2,,43
Montenegro,MNE,2008,0,0,0,0,7359.95118960869,19
Montenegro,MNE,2012,0,14,0,14,6552.48071710904,33
Montenegro,MNE,2016,0,0,0,0,6968.01539365317,35
Morocco,MAR,1960,0,1,0,1,174.784133911133,47
Morocco,MAR,1964,0,0,0,0,216.263046264648,20
Morocco,MAR,1968,0,0,0,0,227.12086486816398,25
Morocco,MAR,1972,0,0,0,0,317.074066162109,35
Morocco,MAR,1976,0,0,0,0,543.368469238281,9
Morocco,MAR,1984,2,0,0,2,681.909729003906,34
Morocco,MAR,1988,1,0,2,3,1086.03527832031,27
Morocco,MAR,1992,1,1,1,3,1327.02954101563,44
Morocco,MAR,1996,0,0,2,2,1596.83239746094,34
Morocco,MAR,2000,0,1,4,5,1499.107421875,55
Morocco,MAR,2004,2,1,0,3,2183.55541992188,55
Morocco,MAR,2008,0,1,1,2,3183.2004394531295,47
Morocco,MAR,2012,0,0,1,1,3164.17724609375,63
Morocco,MAR,2016,0,0,1,1,3140.85546875,48
Mozambique,MOZ,1980,0,0,0,0,,14
Mozambique,MOZ,1984,0,0,0,0,,9
Mozambique,MOZ,1988,0,0,0,0,,8
Mozambique,MOZ,1992,0,0,0,0,205.58521606209402,6
Mozambique,MOZ,1996,0,0,1,1,244.362651012498,3
Mozambique,MOZ,2000,1,0,0,1,327.12623979157,4
Mozambique,MOZ,2004,0,0,0,0,400.056973161545,4
Mozambique,MOZ,2008,0,0,0,0,592.159111184122,4
Mozambique,MOZ,2012,0,0,0,0,685.685748199513,6
Mozambique,MOZ,2016,0,0,0,0,441.489734819071,6
Myanmar,MYA,1960,0,0,0,0,,10
Myanmar,MYA,1964,0,0,0,0,,11
Myanmar,MYA,1968,0,0,0,0,,4
Myanmar,MYA,1972,0,0,0,0,,18
Myanmar,MYA,1980,0,0,0,0,,2
Myanmar,MYA,1984,0,0,0,0,,1
Myanmar,MYA,1988,0,0,0,0,,2
Myanmar,MYA,1992,0,0,0,0,,4
Myanmar,MYA,1996,0,0,0,0,,3
Myanmar,MYA,2000,0,0,0,0,,7
Myanmar,MYA,2004,0,0,0,0,,2
Myanmar,MYA,2008,0,0,0,0,,6
Myanmar,MYA,2012,0,0,0,0,,6
Myanmar,MYA,2016,0,0,0,0,,7
Namibia,NAM,1992,0,2,0,2,2346.86242963741,6
Namibia,NAM,1996,0,2,0,2,2423.3982907313,8
Namibia,NAM,2000,0,0,0,0,2156.67590512714,11
Namibia,NAM,2004,0,0,0,0,3403.15496192955,8
Namibia,NAM,2008,0,0,0,0,4204.78555422749,10
Namibia,NAM,2012,0,0,0,0,5942.64680978673,9
Namibia,NAM,2016,0,0,0,0,4395.68776162376,10
Nauru,NRU,1996,0,0,0,0,3678.56242894634,3
Nauru,NRU,2000,0,0,0,0,2648.60152860938,2
Nauru,NRU,2004,0,0,0,0,3040.5134988900004,3
Nauru,NRU,2008,0,0,0,0,3756.84531228766,1
Nauru,NRU,2012,0,0,0,0,9842.77032731856,2
Nauru,NRU,2016,0,0,0,0,8748.15632605428,2
Nepal,NEP,1964,0,0,0,0,,6
Nepal,NEP,1972,0,0,0,0,,2
Nepal,NEP,1976,0,0,0,0,,1
Nepal,NEP,1980,0,0,0,0,,10
Nepal,NEP,1984,0,0,0,0,,10
Nepal,NEP,1988,0,0,0,0,,16
Nepal,NEP,1992,0,0,0,0,,2
Nepal,NEP,1996,0,0,0,0,,6
Nepal,NEP,2000,0,0,0,0,,5
Nepal,NEP,2004,0,0,0,0,,6
Nepal,NEP,2008,0,0,0,0,,8
Nepal,NEP,2012,0,0,0,0,,5
Nepal,NEP,2016,0,0,0,0,,7
Netherlands,NLD,1960,0,1,2,3,1156.38597727767,110
Netherlands,NLD,1964,5,10,16,31,1668.33086114697,125
Netherlands,NLD,1968,6,7,1,14,2364.3594192663,107
Netherlands,NLD,1972,3,1,2,6,4110.49164551948,119
Netherlands,NLD,1976,0,2,12,14,7937.352467139981,108
Netherlands,NLD,1980,0,1,5,6,13812.1600098191,75
Netherlands,NLD,1984,20,7,14,41,9991.84377655651,136
Netherlands,NLD,1988,3,6,36,45,17770.6162376388,147
Netherlands,NLD,1992,5,20,8,33,23939.2173482108,201
Netherlands,NLD,1996,38,9,26,73,29063.6236532536,239
Netherlands,NLD,2000,27,29,23,79,26225.1697734149,231
Netherlands,NLD,2004,4,51,22,77,40611.3414353091,210
Netherlands,NLD,2008,39,18,4,61,58246.7026905874,237
Netherlands,NLD,2012,21,29,19,69,50473.9442002689,173
Netherlands,NLD,2016,9,25,13,47,46808.5291492503,237
New Zealand,NZL,1960,2,0,1,3,2334.1337214332,37
New Zealand,NZL,1964,4,0,2,6,2839.31554692453,64
New Zealand,NZL,1968,5,0,2,7,1902.42182426883,52
New Zealand,NZL,1972,9,4,1,14,3294.64894268304,89
New Zealand,NZL,1976,15,1,9,25,4373.84099791231,80
New Zealand,NZL,1980,0,0,0,0,7467.16803773805,4
New Zealand,NZL,1984,16,1,6,23,6713.760131041541,130
New Zealand,NZL,1988,4,4,16,24,13759.1556295922,83
New Zealand,NZL,1992,1,9,5,15,11793.1392416214,134
New Zealand,NZL,1996,3,2,4,9,18794.436039393,95
New Zealand,NZL,2000,1,0,3,4,13641.1027183822,147
New Zealand,NZL,2004,4,2,0,6,25420.234882944,148
New Zealand,NZL,2008,4,2,9,15,31324.7397977102,178
New Zealand,NZL,2012,9,3,15,27,40053.6991536369,178
New Zealand,NZL,2016,6,25,5,36,40113.7195382428,195
Nicaragua,NCA,1968,0,0,0,0,,11
Nicaragua,NCA,1972,0,0,0,0,,8
Nicaragua,NCA,1976,0,0,0,0,,15
Nicaragua,NCA,1980,0,0,0,0,,5
Nicaragua,NCA,1984,0,0,0,0,,5
Nicaragua,NCA,1992,0,0,0,0,,8
Nicaragua,NCA,1996,0,0,0,0,,26
Nicaragua,NCA,2000,0,0,0,0,,6
Nicaragua,NCA,2004,0,0,0,0,,5
Nicaragua,NCA,2008,0,0,0,0,,6
Nicaragua,NCA,2012,0,0,0,0,,6
Nicaragua,NCA,2016,0,0,0,0,,5
Niger,NIG,1964,0,0,0,0,,1
Niger,NIG,1968,0,0,0,0,,2
Niger,NIG,1972,0,0,1,1,,4
Niger,NIG,1984,0,0,0,0,,4
Niger,NIG,1988,0,0,0,0,,6
Niger,NIG,1992,0,0,0,0,,3
Niger,NIG,1996,0,0,0,0,,3
Niger,NIG,2000,0,0,0,0,,4
Niger,NIG,2004,0,0,0,0,,4
Niger,NIG,2008,0,0,0,0,,4
Niger,NIG,2012,0,0,0,0,,6
Niger,NIG,2016,0,1,0,1,,6
Nigeria,NGR,1960,0,0,0,0,,12
Nigeria,NGR,1964,0,0,1,1,,18
Nigeria,NGR,1968,0,0,0,0,,36
Nigeria,NGR,1972,0,0,1,1,,25
Nigeria,NGR,1980,0,0,0,0,,44
Nigeria,NGR,1984,0,1,4,5,,32
Nigeria,NGR,1988,0,0,0,0,,69
Nigeria,NGR,1992,0,7,4,11,,55
Nigeria,NGR,1996,17,4,3,24,,65
Nigeria,NGR,2000,6,2,0,8,,83
Nigeria,NGR,2004,0,0,8,8,,70
Nigeria,NGR,2008,0,16,7,23,,74
Nigeria,NGR,2012,0,0,0,0,,49
Nigeria,NGR,2016,0,0,18,18,,71
North Korea,PRK,1972,1,1,13,15,,37
North Korea,PRK,1976,1,1,0,2,,38
North Korea,PRK,1980,0,3,2,5,,47
North Korea,PRK,1992,4,0,6,10,,64
North Korea,PRK,1996,2,1,2,5,,24
North Korea,PRK,2000,0,1,3,4,,31
North Korea,PRK,2004,0,4,1,5,,36
North Korea,PRK,2008,2,1,3,6,,58
North Korea,PRK,2012,4,0,2,6,,52
North Korea,PRK,2016,2,3,2,7,,31
Norway,NOR,1960,2,0,0,2,1451.2850779894,40
Norway,NOR,1964,0,0,0,0,1950.69324222931,26
Norway,NOR,1968,4,2,0,6,2679.71300438189,46
Norway,NOR,1972,2,2,4,8,4413.57569168528,112
Norway,NOR,1976,2,4,0,6,8927.20162734477,66
Norway,NOR,1984,0,1,3,4,14989.4857665906,103
Norway,NOR,1988,2,20,0,22,24207.281468963,69
Norway,NOR,1992,2,20,1,23,30523.9850558974,83
Norway,NOR,1996,2,3,18,23,37321.9741993473,97
Norway,NOR,2000,20,4,19,43,38178.2368777076,93
Norway,NOR,2004,5,0,2,7,57768.6980958462,52
Norway,NOR,2008,16,5,1,22,97503.5407803783,84
Norway,NOR,2012,15,1,1,17,102175.919298374,61
Norway,NOR,2016,0,0,19,19,70867.3609970749,62
Oman,OMA,1984,0,0,0,0,,16
Oman,OMA,1988,0,0,0,0,,8
Oman,OMA,1992,0,0,0,0,,5
Oman,OMA,1996,0,0,0,0,,4
Oman,OMA,2000,0,0,0,0,,6
Oman,OMA,2004,0,0,0,0,,2
Oman,OMA,2008,0,0,0,0,,4
Oman,OMA,2012,0,0,0,0,,3
Oman,OMA,2016,0,0,0,0,,4
Pakistan,PAK,1960,13,0,1,14,82.0241000071912,44
Pakistan,PAK,1964,0,16,0,16,102.45976384531,41
Pakistan,PAK,1968,13,0,0,13,141.558306459346,15
Pakistan,PAK,1972,0,15,0,15,148.073976270617,25
Pakistan,PAK,1976,0,0,16,16,183.85973342234698,24
Pakistan,PAK,1984,16,0,0,16,327.345625152291,31
Pakistan,PAK,1988,0,0,1,1,353.85454278549,30
Pakistan,PAK,1992,0,0,16,16,395.67720859593,27
Pakistan,PAK,1996,0,0,0,0,456.996961832943,24
Pakistan,PAK,2000,0,0,0,0,642.338346499898,27
Pakistan,PAK,2004,0,0,0,0,771.9022473489539,26
Pakistan,PAK,2008,0,0,0,0,1067.04324565284,21
Pakistan,PAK,2012,0,0,0,0,1204.36475491585,21
Pakistan,PAK,2016,0,0,0,0,1424.69161195897,7
Palau,PLW,2000,0,0,0,0,7798.07504193852,5
Palau,PLW,2004,0,0,0,0,8393.73052541231,4
Palau,PLW,2008,0,0,0,0,10577.501907762,5
Palau,PLW,2012,0,0,0,0,12137.1732239921,5
Palau,PLW,2016,0,0,0,0,17150.4759377239,5
Palestine,PLE,1996,0,0,0,0,,1
Palestine,PLE,2000,0,0,0,0,,2
Palestine,PLE,2004,0,0,0,0,,3
Palestine,PLE,2008,0,0,0,0,,4
Palestine,PLE,2012,0,0,0,0,,5
Palestine,PLE,2016,0,0,0,0,,6
Panama,PAN,1960,0,0,0,0,477.037935000289,6
Panama,PAN,1964,0,0,0,0,611.100612960754,10
Panama,PAN,1968,0,0,0,0,778.476641666323,16
Panama,PAN,1972,0,0,0,0,1046.06341222824,7
Panama,PAN,1976,0,0,0,0,1456.5000970772703,8
Panama,PAN,1984,0,0,0,0,2874.94832112227,8
Panama,PAN,1988,0,0,0,0,2508.78229277879,6
Panama,PAN,1992,0,0,0,0,3139.89952899581,5
Panama,PAN,1996,0,0,0,0,3308.18430390528,7
Panama,PAN,2000,0,0,0,0,3975.09310275544,6
Panama,PAN,2004,0,0,0,0,4644.56581177581,4
Panama,PAN,2008,1,0,0,1,7347.59049046839,5
Panama,PAN,2012,0,0,0,0,11064.8063662003,8
Panama,PAN,2016,0,0,0,0,14832.361165245899,10
Papua New Guinea,PNG,1976,0,0,0,0,525.433235600649,6
Papua New Guinea,PNG,1984,0,0,0,0,749.637059926778,7
Papua New Guinea,PNG,1988,0,0,0,0,984.993556016427,11
Papua New Guinea,PNG,1992,0,0,0,0,1050.7071689258,13
Papua New Guinea,PNG,1996,0,0,0,0,1071.04185150251,11
Papua New Guinea,PNG,2000,0,0,0,0,635.957919047725,5
Papua New Guinea,PNG,2004,0,0,0,0,620.596147680561,4
Papua New Guinea,PNG,2008,0,0,0,0,1624.79319935188,7
Papua New Guinea,PNG,2012,0,0,0,0,2635.0873631547,8
Papua New Guinea,PNG,2016,0,0,0,0,2316.39479758492,8
Paraguay,PAR,1968,0,0,0,0,,1
Paraguay,PAR,1972,0,0,0,0,,3
Paraguay,PAR,1976,0,0,0,0,,4
Paraguay,PAR,1984,0,0,0,0,,14
Paraguay,PAR,1988,0,0,0,0,,10
Paraguay,PAR,1992,0,0,0,0,,27
Paraguay,PAR,1996,0,0,0,0,,7
Paraguay,PAR,2000,0,0,0,0,,5
Paraguay,PAR,2004,0,17,0,17,,22
Paraguay,PAR,2008,0,0,0,0,,7
Paraguay,PAR,2012,0,0,0,0,,8
Paraguay,PAR,2016,0,0,0,0,,11
Peru,PER,1960,0,0,0,0,252.79678267503402,31
Peru,PER,1964,0,0,0,0,380.965457465866,31
Peru,PER,1968,0,0,0,0,447.99179719095,28
Peru,PER,1972,0,0,0,0,646.679686654992,20
Peru,PER,1976,0,0,0,0,1026.41438542928,13
Peru,PER,1980,0,0,0,0,1044.69165468575,28
Peru,PER,1984,0,1,0,1,917.896274683145,35
Peru,PER,1988,0,12,0,12,733.299784874657,21
Peru,PER,1992,0,1,0,1,1567.4091076512802,16
Peru,PER,1996,0,0,0,0,2226.91682429265,29
Peru,PER,2000,0,0,0,0,1945.4133845169802,21
Peru,PER,2004,0,0,0,0,2397.25147277714,12
Peru,PER,2008,0,0,0,0,4197.58444634142,13
Peru,PER,2012,0,0,0,0,6519.37852981527,16
Peru,PER,2016,0,0,0,0,6217.03599995447,29
Philippines,PHI,1960,0,0,0,0,,40
Philippines,PHI,1964,0,1,0,1,,47
Philippines,PHI,1968,0,0,0,0,,49
Philippines,PHI,1972,0,0,0,0,,53
Philippines,PHI,1976,0,0,0,0,,14
Philippines,PHI,1984,0,0,0,0,,19
Philippines,PHI,1988,0,0,1,1,,31
Philippines,PHI,1992,0,0,1,1,,26
Philippines,PHI,1996,0,1,0,1,,12
Philippines,PHI,2000,0,0,0,0,,20
Philippines,PHI,2004,0,0,0,0,,16
Philippines,PHI,2008,0,0,0,0,,15
Philippines,PHI,2012,0,0,0,0,,11
Philippines,PHI,2016,0,1,0,1,,13
Poland,POL,1960,4,11,15,30,,185
Poland,POL,1964,10,13,23,46,,140
Poland,POL,1968,5,2,30,37,,177
Poland,POL,1972,27,8,11,46,,290
Poland,POL,1976,18,29,26,73,,207
Poland,POL,1980,3,25,22,50,,306
Poland,POL,1988,2,9,10,21,,143
Poland,POL,1992,5,22,19,46,2459.02068468253,201
Poland,POL,1996,7,8,7,22,4163.51195431959,165
Poland,POL,2000,7,10,7,24,4520.641004491111,187
Poland,POL,2004,4,2,6,12,6711.72715262967,194
Poland,POL,2008,6,13,1,20,14048.560467265403,257
Poland,POL,2012,2,2,8,12,13087.420943321,210
Poland,POL,2016,3,3,10,16,12464.0110508476,234
Portugal,PRT,1960,0,2,0,2,376.976430250874,65
Portugal,PRT,1964,0,0,0,0,490.207385856289,20
Portugal,PRT,1968,0,0,0,0,751.947085624465,20
Portugal,PRT,1972,0,0,0,0,1302.2662677393,29
Portugal,PRT,1976,0,2,0,2,2173.28393425975,19
Portugal,PRT,1980,0,0,0,0,3368.36666940279,11
Portugal,PRT,1984,1,0,2,3,2522.74747620658,38
Portugal,PRT,1988,1,0,0,1,5623.69699982123,65
Portugal,PRT,1992,0,0,0,0,10810.5665079626,90
Portugal,PRT,1996,1,0,2,3,12185.0914010629,107
Portugal,PRT,2000,0,0,2,2,11526.3720667968,61
Portugal,PRT,2004,0,2,1,3,18064.1580932987,81
Portugal,PRT,2008,1,1,0,2,24949.041356673904,77
Portugal,PRT,2012,0,2,0,2,20593.4274224109,76
Portugal,PRT,2016,0,0,1,1,19980.280886651595,90
Puerto Rico,PUR,1960,0,0,0,0,,27
Puerto Rico,PUR,1964,0,0,0,0,,32
Puerto Rico,PUR,1968,0,0,0,0,,58
Puerto Rico,PUR,1972,0,0,0,0,,53
Puerto Rico,PUR,1976,0,0,1,1,,80
Puerto Rico,PUR,1980,0,0,0,0,,3
Puerto Rico,PUR,1984,0,1,1,2,,51
Puerto Rico,PUR,1988,0,0,0,0,,47
Puerto Rico,PUR,1992,0,0,1,1,,71
Puerto Rico,PUR,1996,0,0,1,1,,69
Puerto Rico,PUR,2000,0,0,0,0,,29
Puerto Rico,PUR,2004,0,0,0,0,,43
Puerto Rico,PUR,2008,0,0,0,0,,22
Puerto Rico,PUR,2012,0,1,1,2,,25
Puerto Rico,PUR,2016,1,0,0,1,,40
Qatar,QAT,1984,0,0,0,0,19272.2616094603,24
Qatar,QAT,1988,0,0,0,0,14682.021847200402,10
Qatar,QAT,1992,0,0,1,1,16280.2938815273,28
Qatar,QAT,1996,0,0,0,0,17124.7920861356,12
Qatar,QAT,2000,0,0,1,1,27535.182940934,17
Qatar,QAT,2004,0,0,0,0,41035.5008380177,15
Qatar,QAT,2008,0,0,0,0,80781.4039187792,20
Qatar,QAT,2012,0,0,2,2,108470.387023229,12
Qatar,QAT,2016,0,1,0,1,61253.6217997091,37
Republic of Congo,CGO,1964,0,0,0,0,,2
Republic of Congo,CGO,1972,0,0,0,0,,6
Republic of Congo,CGO,1980,0,0,0,0,,23
Republic of Congo,CGO,1984,0,0,0,0,,9
Republic of Congo,CGO,1988,0,0,0,0,,7
Republic of Congo,CGO,1992,0,0,0,0,,7
Republic of Congo,CGO,1996,0,0,0,0,,5
Republic of Congo,CGO,2000,0,0,0,0,,5
Republic of Congo,CGO,2004,0,0,0,0,,5
Republic of Congo,CGO,2008,0,0,0,0,,5
Republic of Congo,CGO,2012,0,0,0,0,,7
Republic of Congo,CGO,2016,0,0,0,0,,10
Romania,ROU,1960,3,1,11,15,,98
Romania,ROU,1964,2,4,10,16,,138
Romania,ROU,1968,5,9,9,23,,82
Romania,ROU,1972,3,10,27,40,,159
Romania,ROU,1976,4,28,23,55,,157
Romania,ROU,1980,7,15,46,68,,228
Romania,ROU,1984,40,31,35,106,,124
Romania,ROU,1988,8,34,16,58,1753.1928563219801,68
Romania,ROU,1992,8,31,14,53,1102.10378473246,173
Romania,ROU,1996,13,10,15,38,1633.01064354117,165
Romania,ROU,2000,27,6,13,46,1659.92904910528,145
Romania,ROU,2004,23,5,11,39,3494.9905644895493,108
Romania,ROU,2008,5,1,16,22,10435.1561230787,101
Romania,ROU,2012,2,8,6,16,8929.95366231474,105
Romania,ROU,2016,4,2,10,16,9404.54005870715,95
Russia,EUN,1992,92,61,67,220,,475
Russia,RUS,1996,36,45,34,115,2643.92919921875,390
Russia,RUS,2000,66,67,54,187,1771.5941162109398,435
Russia,RUS,2004,48,46,95,189,4102.36474609375,446
Russia,RUS,2008,43,46,53,142,11635.2841796875,454
Russia,RUS,2012,50,39,51,140,15401.8515625,429
Russia,RUS,2016,52,28,35,115,8663.158203125,284
Russia,URS,1960,61,63,45,169,,283
Russia,URS,1964,60,63,51,174,,317
Russia,URS,1968,65,63,64,192,,312
Russia,URS,1972,107,47,60,214,,371
Russia,URS,1976,114,95,77,286,,410
Russia,URS,1980,187,129,126,442,,489
Russia,URS,1988,134,67,99,300,,481
Rwanda,RWA,1984,0,0,0,0,259.906684530767,3
Rwanda,RWA,1988,0,0,0,0,343.781325819105,6
Rwanda,RWA,1992,0,0,0,0,264.083914517464,10
Rwanda,RWA,1996,0,0,0,0,206.04911417485,4
Rwanda,RWA,2000,0,0,0,0,251.86926386091,5
Rwanda,RWA,2004,0,0,0,0,269.540446333402,5
Rwanda,RWA,2008,0,0,0,0,528.326391755502,4
Rwanda,RWA,2012,0,0,0,0,706.817269168561,7
Rwanda,RWA,2016,0,0,0,0,729.519133812945,7
Saint Kitts,SKN,1996,0,0,0,0,,10
Saint Kitts,SKN,2000,0,0,0,0,,2
Saint Kitts,SKN,2004,0,0,0,0,,2
Saint Kitts,SKN,2008,0,0,0,0,,4
Saint Kitts,SKN,2012,0,0,0,0,,4
Saint Kitts,SKN,2016,0,0,0,0,,6
Saint Lucia,LCA,1996,0,0,0,0,5244.01665086076,6
Saint Lucia,LCA,2000,0,0,0,0,5879.56191426207,5
Saint Lucia,LCA,2004,0,0,0,0,6494.60034867886,2
Saint Lucia,LCA,2008,0,0,0,0,8516.96075488787,4
Saint Lucia,LCA,2012,0,0,0,0,9260.30006551714,4
Saint Lucia,LCA,2016,0,0,0,0,10638.1269396653,5
Saint Vincent,VIN,1988,0,0,0,0,,6
Saint Vincent,VIN,1992,0,0,0,0,,6
Saint Vincent,VIN,1996,0,0,0,0,,8
Saint Vincent,VIN,2000,0,0,0,0,,4
Saint Vincent,VIN,2004,0,0,0,0,,3
Saint Vincent,VIN,2008,0,0,0,0,,2
Saint Vincent,VIN,2012,0,0,0,0,,3
Saint Vincent,VIN,2016,0,0,0,0,,4
Samoa,SAM,1984,0,0,0,0,,8
Samoa,SAM,1988,0,0,0,0,,11
Samoa,SAM,1992,0,0,0,0,,5
Samoa,SAM,1996,0,0,0,0,,5
Samoa,SAM,2000,0,0,0,0,,5
Samoa,SAM,2004,0,0,0,0,,3
Samoa,SAM,2008,0,0,0,0,,6
Samoa,SAM,2012,0,0,0,0,,8
Samoa,SAM,2016,0,0,0,0,,8
San Marino,SMR,1960,0,0,0,0,,9
San Marino,SMR,1968,0,0,0,0,,4
San Marino,SMR,1972,0,0,0,0,,7
San Marino,SMR,1976,0,0,0,0,,10
San Marino,SMR,1980,0,0,0,0,,16
San Marino,SMR,1984,0,0,0,0,,19
San Marino,SMR,1988,0,0,0,0,,11
San Marino,SMR,1992,0,0,0,0,,17
San Marino,SMR,1996,0,0,0,0,,7
San Marino,SMR,2000,0,0,0,0,37600.7077379601,4
San Marino,SMR,2004,0,0,0,0,58232.01761849479,5
San Marino,SMR,2008,0,0,0,0,75902.1320521765,4
San Marino,SMR,2012,0,0,0,0,47945.8991734281,4
San Marino,SMR,2016,0,0,0,0,44359.4797662688,4
Sao Tome and Principe,STP,1996,0,0,0,0,987.048712395264,2
Sao Tome and Principe,STP,2000,0,0,0,0,529.089383412262,2
Sao Tome and Principe,STP,2004,0,0,0,0,726.560882130444,2
Sao Tome and Principe,STP,2008,0,0,0,0,1081.8684584729,3
Sao Tome and Principe,STP,2012,0,0,0,0,1192.0202911189,2
Sao Tome and Principe,STP,2016,0,0,0,0,1434.8701805052103,3
Saudi Arabia,KSA,1972,0,0,0,0,,10
Saudi Arabia,KSA,1976,0,0,0,0,,14
Saudi Arabia,KSA,1984,0,0,0,0,,37
Saudi Arabia,KSA,1988,0,0,0,0,,9
Saudi Arabia,KSA,1992,0,0,0,0,,9
Saudi Arabia,KSA,1996,0,0,0,0,,29
Saudi Arabia,KSA,2000,0,1,1,2,,18
Saudi Arabia,KSA,2004,0,0,0,0,,16
Saudi Arabia,KSA,2008,0,0,0,0,,14
Saudi Arabia,KSA,2012,0,0,4,4,,18
Saudi Arabia,KSA,2016,0,0,0,0,,10
Senegal,SEN,1964,0,0,0,0,317.850426568454,12
Senegal,SEN,1968,0,0,0,0,311.196146846683,21
Senegal,SEN,1972,0,0,0,0,341.835352336553,38
Senegal,SEN,1976,0,0,0,0,540.594007051938,21
Senegal,SEN,1980,0,0,0,0,771.533969550579,32
Senegal,SEN,1984,0,0,0,0,536.231765402514,24
Senegal,SEN,1988,0,1,0,1,880.487755138196,23
Senegal,SEN,1992,0,0,0,0,951.204960087807,20
Senegal,SEN,1996,0,0,0,0,723.469950081149,11
Senegal,SEN,2000,0,0,0,0,603.233162455158,26
Senegal,SEN,2004,0,0,0,0,918.102079522155,15
Senegal,SEN,2008,0,0,0,0,1398.79218010021,15
Senegal,SEN,2012,0,0,0,0,1326.83798848379,31
Senegal,SEN,2016,0,0,0,0,1266.43957151587,22
Serbia,SCG,1996,1,12,13,26,,68
Serbia,SCG,2000,11,1,13,25,,109
Serbia,SCG,2004,0,13,0,13,,85
Serbia,SRB,2008,0,1,14,15,7376.73517910716,87
Serbia,SRB,2012,1,1,14,16,6263.04086072815,116
Serbia,SRB,2016,14,27,13,54,5982.37030126471,103
Serbia,YUG,1960,16,1,0,17,,116
Serbia,YUG,1964,2,11,2,15,,75
Serbia,YUG,1968,13,14,2,29,,69
Serbia,YUG,1972,15,1,2,18,,126
Serbia,YUG,1976,2,14,3,19,,88
Serbia,YUG,1980,13,27,17,57,,164
Serbia,YUG,1984,47,5,35,87,,139
Serbia,YUG,1988,15,27,21,63,,155
Seychelles,SEY,1980,0,0,0,0,,11
Seychelles,SEY,1984,0,0,0,0,,9
Seychelles,SEY,1992,0,0,0,0,,11
Seychelles,SEY,1996,0,0,0,0,,9
Seychelles,SEY,2000,0,0,0,0,,9
Seychelles,SEY,2004,0,0,0,0,,9
Seychelles,SEY,2008,0,0,0,0,,9
Seychelles,SEY,2012,0,0,0,0,,6
Seychelles,SEY,2016,0,0,0,0,,10
Sierra Leone,SLE,1968,0,0,0,0,126.308899122773,3
Sierra Leone,SLE,1980,0,0,0,0,336.386279506102,14
Sierra Leone,SLE,1984,0,0,0,0,305.576232491583,7
Sierra Leone,SLE,1988,0,0,0,0,268.160979625957,12
Sierra Leone,SLE,1992,0,0,0,0,163.197571684381,11
Sierra Leone,SLE,1996,0,0,0,0,224.25871116304404,14
Sierra Leone,SLE,2000,0,0,0,0,143.743743239644,3
Sierra Leone,SLE,2004,0,0,0,0,417.749983329227,2
Sierra Leone,SLE,2008,0,0,0,0,705.3590140800048,3
Sierra Leone,SLE,2012,0,0,0,0,937.504428180231,2
Sierra Leone,SLE,2016,0,0,0,0,844.416411175476,4
Slovakia,SVK,1996,1,1,1,3,5247.70081044708,71
Slovakia,SVK,2000,2,3,1,6,5421.6448441887,108
Slovakia,SVK,2004,3,2,5,10,10650.1290097126,64
Slovakia,SVK,2008,4,5,1,10,18744.3192278346,57
Slovakia,SVK,2012,0,1,4,5,17516.9691054078,47
Slovakia,SVK,2016,3,5,0,8,16636.0769133073,51
Slovenia,SLO,1992,0,0,6,6,,35
Slovenia,SLO,1996,0,2,0,2,,37
Slovenia,SLO,2000,3,0,0,3,,74
Slovenia,SLO,2004,0,2,3,5,,79
Slovenia,SLO,2008,1,2,2,5,,61
Slovenia,SLO,2012,1,1,3,5,,65
Slovenia,SLO,2016,1,2,1,4,,63
Solomon Islands,SOL,1984,0,0,0,0,,3
Solomon Islands,SOL,1988,0,0,0,0,,4
Solomon Islands,SOL,1992,0,0,0,0,,1
Solomon Islands,SOL,1996,0,0,0,0,,4
Solomon Islands,SOL,2000,0,0,0,0,,2
Solomon Islands,SOL,2004,0,0,0,0,,2
Solomon Islands,SOL,2008,0,0,0,0,,3
Solomon Islands,SOL,2012,0,0,0,0,,4
Solomon Islands,SOL,2016,0,0,0,0,,3
Somalia,SOM,1972,0,0,0,0,113.69240195555,3
Somalia,SOM,1984,0,0,0,0,122.493293689734,7
Somalia,SOM,1988,0,0,0,0,145.341346820158,5
Somalia,SOM,1996,0,0,0,0,237.241440951671,4
Somalia,SOM,2000,0,0,0,0,386.119274401275,2
Somalia,SOM,2004,0,0,0,0,375.410326225387,2
Somalia,SOM,2008,0,0,0,0,507.03744334738,2
Somalia,SOM,2012,0,0,0,0,350.261946720512,2
Somalia,SOM,2016,0,0,0,0,460.928490585175,2
South Africa,ZAF,1960,0,1,2,3,532.147504330332,55
South Africa,ZAF,1992,0,3,0,3,3462.39400202835,93
South Africa,ZAF,1996,3,1,1,5,3617.55336002932,84
South Africa,ZAF,2000,0,2,3,5,3217.84693448467,127
South Africa,ZAF,2004,4,3,3,10,5221.46333731721,106
South Africa,ZAF,2008,0,1,0,1,6184.75474328399,134
South Africa,ZAF,2012,6,2,1,9,8076.976784797409,124
South Africa,ZAF,2016,2,7,14,23,5651.20585165749,135
South Korea,KOR,1960,0,0,0,0,158.844150776359,35
South Korea,KOR,1964,0,2,1,3,124.24136735879,154
South Korea,KOR,1968,0,1,1,2,199.982134957643,54
South Korea,KOR,1972,0,1,0,1,328.021411521648,42
South Korea,KOR,1976,1,1,15,17,847.205737881176,50
South Korea,KOR,1984,6,28,7,41,2468.68667303898,175
South Korea,KOR,1988,28,37,12,77,4888.68509195605,401
South Korea,KOR,1992,28,5,16,49,8387.16308258471,226
South Korea,KOR,1996,10,49,7,66,13864.937653451801,303
South Korea,KOR,2000,12,26,35,73,12710.2995795579,281
South Korea,KOR,2004,14,28,10,52,17121.6301633201,264
South Korea,KOR,2008,41,11,26,78,22252.3125108061,265
South Korea,KOR,2012,18,13,30,61,26600.5477433903,250
South Korea,KOR,2016,13,3,10,26,30832.0628072516,207
South Sudan,SSD,2016,0,0,0,0,,3
Spain,ESP,1960,0,0,14,14,407.96302786933,144
Spain,ESP,1964,0,0,0,0,694.952086797899,51
Spain,ESP,1968,0,0,0,0,978.2923737680351,122
Spain,ESP,1972,0,0,1,1,1707.58800052655,123
Spain,ESP,1976,0,6,0,6,3276.97023260494,113
Spain,ESP,1980,2,19,3,24,6204.143215442249,155
Spain,ESP,1984,2,14,3,19,4486.78173863382,179
Spain,ESP,1988,1,2,2,5,9696.1928538538,229
Spain,ESP,1992,48,19,2,69,16100.6799428032,422
Spain,ESP,1996,23,21,22,66,16100.6215831114,289
Spain,ESP,2000,3,19,20,42,14743.2671031455,321
Spain,ESP,2004,4,17,9,30,24925.0267844576,316
Spain,ESP,2008,7,47,16,70,35603.248328071,283
Spain,ESP,2012,5,33,25,63,28456.4438151477,278
Spain,ESP,2016,9,19,17,45,26755.6061149398,307
Sri Lanka,SRI,1960,0,0,0,0,,5
Sri Lanka,SRI,1964,0,0,0,0,,6
Sri Lanka,SRI,1968,0,0,0,0,,3
Sri Lanka,SRI,1972,0,0,0,0,,4
Sri Lanka,SRI,1980,0,0,0,0,,4
Sri Lanka,SRI,1984,0,0,0,0,,4
Sri Lanka,SRI,1988,0,0,0,0,,6
Sri Lanka,SRI,1992,0,0,0,0,,11
Sri Lanka,SRI,1996,0,0,0,0,,9
Sri Lanka,SRI,2000,0,1,0,1,,18
Sri Lanka,SRI,2004,0,0,0,0,,7
Sri Lanka,SRI,2008,0,0,0,0,,8
Sri Lanka,SRI,2012,0,0,0,0,,7
Sri Lanka,SRI,2016,0,0,0,0,,9
Sudan,SUD,1960,0,0,0,0,,10
Sudan,SUD,1968,0,0,0,0,,5
Sudan,SUD,1972,0,0,0,0,,26
Sudan,SUD,1984,0,0,0,0,,7
Sudan,SUD,1988,0,0,0,0,,8
Sudan,SUD,1992,0,0,0,0,,6
Sudan,SUD,1996,0,0,0,0,,4
Sudan,SUD,2000,0,0,0,0,,3
Sudan,SUD,2004,0,0,0,0,,4
Sudan,SUD,2008,0,1,0,1,,9
Sudan,SUD,2012,0,0,0,0,,6
Sudan,SUD,2016,0,0,0,0,,6
Suriname,SUR,1968,0,0,0,0,680.595348207639,1
Suriname,SUR,1972,0,0,0,0,784.9516749577891,2
Suriname,SUR,1976,0,0,0,0,1301.86536317022,3
Suriname,SUR,1984,0,0,0,0,2260.63794993629,5
Suriname,SUR,1988,1,0,0,1,2886.42980207694,6
Suriname,SUR,1992,0,0,1,1,968.8952534669259,6
Suriname,SUR,1996,0,0,0,0,1962.88495820295,7
Suriname,SUR,2000,0,0,0,0,1988.22172925433,4
Suriname,SUR,2004,0,0,0,0,2887.7721728844,4
Suriname,SUR,2008,0,0,0,0,6576.08546307249,4
Suriname,SUR,2012,0,0,0,0,8851.24050668908,5
Suriname,SUR,2016,0,0,0,0,5644.2061057532,6
Swaziland,SWZ,1972,0,0,0,0,315.028466244508,2
Swaziland,SWZ,1984,0,0,0,0,726.345118603826,8
Swaziland,SWZ,1988,0,0,0,0,865.25154443731,11
Swaziland,SWZ,1992,0,0,0,0,1361.8169795148,6
Swaziland,SWZ,1996,0,0,0,0,1619.1911970766203,6
Swaziland,SWZ,2000,0,0,0,0,1629.6703884281499,6
Swaziland,SWZ,2004,0,0,0,0,2525.5640452625,3
Swaziland,SWZ,2008,0,0,0,0,2946.8606613746,4
Swaziland,SWZ,2012,0,0,0,0,4224.54789174487,3
Swaziland,SWZ,2016,0,0,0,0,3238.17611961364,2
Sweden,SWE,1960,2,2,3,7,2128.36441205712,134
Sweden,SWE,1964,3,4,8,15,2961.02884624727,94
Sweden,SWE,1968,4,4,1,9,3953.08297234501,100
Sweden,SWE,1972,4,10,8,22,6018.39052977191,131
Sweden,SWE,1976,9,1,0,10,10852.5192441428,116
Sweden,SWE,1980,3,8,9,20,17073.0446711494,145
Sweden,SWE,1984,3,18,13,34,13080.0302290066,174
Sweden,SWE,1988,0,5,11,16,24499.1240758517,185
Sweden,SWE,1992,1,27,7,35,32753.4287003642,187
Sweden,SWE,1996,3,23,5,31,33022.2444768661,177
Sweden,SWE,2000,4,20,8,32,29632.5890811623,150
Sweden,SWE,2004,5,5,2,12,42758.0048564929,115
Sweden,SWE,2008,0,5,2,7,55817.1759726485,123
Sweden,SWE,2012,2,17,3,22,57749.56154208529,133
Sweden,SWE,2016,2,23,3,28,51703.5088332851,150
Switzerland,CHE,1960,0,6,6,12,1954.3113206427,149
Switzerland,CHE,1964,1,4,1,6,2734.93009044177,66
Switzerland,CHE,1968,0,3,10,13,3413.49358157003,85
Switzerland,CHE,1972,0,8,0,8,5884.77524107186,151
Switzerland,CHE,1976,1,3,6,10,10864.971231108002,50
Switzerland,CHE,1980,2,0,0,2,19393.8805480097,73
Switzerland,CHE,1984,0,9,4,13,16991.2458841517,129
Switzerland,CHE,1988,0,6,2,8,32690.4302734561,99
Switzerland,CHE,1992,1,0,0,1,40713.6881521435,102
Switzerland,CHE,1996,5,6,0,11,48092.6433036512,115
Switzerland,CHE,2000,1,11,2,14,38865.021939688,102
Switzerland,CHE,2004,1,2,4,7,54659.4571488233,98
Switzerland,CHE,2008,3,1,7,11,74175.1927898555,83
Switzerland,CHE,2012,2,2,0,4,85836.2076767359,98
Switzerland,CHE,2016,6,3,2,11,82153.0745447889,102
Syria,SYR,1968,0,0,0,0,293.330341001656,2
Syria,SYR,1972,0,0,0,0,448.237758556479,5
Syria,SYR,1980,0,0,0,0,1458.23976434095,67
Syria,SYR,1984,0,1,0,1,1706.21944810524,9
Syria,SYR,1988,0,0,0,0,897.70876335774,13
Syria,SYR,1992,0,0,0,0,990.138251191708,8
Syria,SYR,1996,1,0,0,1,918.195857362788,7
Syria,SYR,2000,0,0,0,0,1138.1884854278,8
Syria,SYR,2004,0,0,1,1,1368.1148230028,6
Syria,SYR,2008,0,0,0,0,2429.12477087189,7
Syria,SYR,2012,0,0,0,0,1897.66115018696,10
Syria,SYR,2016,0,0,0,0,656.3490586313,7
Syria,UAR,1960,0,1,1,2,,74
Taiwan,TPE,1960,0,1,0,1,,27
Taiwan,TPE,1964,0,0,0,0,,40
Taiwan,TPE,1968,0,0,1,1,,43
Taiwan,TPE,1972,0,0,0,0,,21
Taiwan,TPE,1984,0,0,1,1,,38
Taiwan,TPE,1988,0,0,0,0,,61
Taiwan,TPE,1992,0,20,0,20,,31
Taiwan,TPE,1996,0,1,0,1,,74
Taiwan,TPE,2000,0,1,4,5,,55
Taiwan,TPE,2004,2,4,3,9,,88
Taiwan,TPE,2008,0,0,4,4,,79
Taiwan,TPE,2012,0,1,1,2,,44
Taiwan,TPE,2016,1,0,4,5,,55
Tajikistan,TJK,1996,0,0,0,0,172.035088688368,8
Tajikistan,TJK,2000,0,0,0,0,136.925716400723,4
Tajikistan,TJK,2004,0,0,0,0,305.745158587502,9
Tajikistan,TJK,2008,0,1,1,2,703.327375898643,15
Tajikistan,TJK,2012,0,0,1,1,952.452819695469,16
Tajikistan,TJK,2016,1,0,0,1,788.710481734485,7
Tanzania,TAN,1964,0,0,0,0,,4
Tanzania,TAN,1968,0,0,0,0,,4
Tanzania,TAN,1972,0,0,0,0,,15
Tanzania,TAN,1980,0,2,0,2,,41
Tanzania,TAN,1984,0,0,0,0,,18
Tanzania,TAN,1988,0,0,0,0,,10
Tanzania,TAN,1992,0,0,0,0,,9
Tanzania,TAN,1996,0,0,0,0,,7
Tanzania,TAN,2000,0,0,0,0,,4
Tanzania,TAN,2004,0,0,0,0,,8
Tanzania,TAN,2008,0,0,0,0,,9
Tanzania,TAN,2012,0,0,0,0,,6
Tanzania,TAN,2016,0,0,0,0,,7
Thailand,THA,1960,0,0,0,0,102.814571454958,20
Thailand,THA,1964,0,0,0,0,128.642226903734,54
Thailand,THA,1968,0,0,0,0,178.839752885801,41
Thailand,THA,1972,0,0,0,0,215.582022917854,33
Thailand,THA,1976,0,0,1,1,405.408734060752,42
Thailand,THA,1984,0,1,0,1,846.934168430884,35
Thailand,THA,1988,0,0,1,1,1164.2009622949502,14
Thailand,THA,1992,0,0,1,1,1971.60879910694,46
Thailand,THA,1996,1,0,1,2,3054.65690806473,37
Thailand,THA,2000,1,0,2,3,2005.97694514234,52
Thailand,THA,2004,3,1,4,8,2641.56268717857,42
Thailand,THA,2008,2,2,0,4,4309.13509292986,47
Thailand,THA,2012,0,2,1,3,5725.52802835463,37
Thailand,THA,2016,2,2,2,6,5833.57715617098,54
Timor-Leste,TLS,2004,0,0,0,0,474.420726695663,2
Timor-Leste,TLS,2008,0,0,0,0,628.153191495026,1
Timor-Leste,TLS,2012,0,0,0,0,1022.61906675901,2
Timor-Leste,TLS,2016,0,0,0,0,1335.54391073349,3
Togo,TOG,1972,0,0,0,0,,7
Togo,TOG,1984,0,0,0,0,,6
Togo,TOG,1988,0,0,0,0,,6
Togo,TOG,1992,0,0,0,0,,6
Togo,TOG,1996,0,0,0,0,,5
Togo,TOG,2000,0,0,0,0,,3
Togo,TOG,2004,0,0,0,0,,3
Togo,TOG,2008,0,0,1,1,,4
Togo,TOG,2012,0,0,0,0,,6
Togo,TOG,2016,0,0,0,0,,5
Tonga,TGA,1984,0,0,0,0,,7
Tonga,TGA,1988,0,0,0,0,,5
Tonga,TGA,1992,0,0,0,0,,5
Tonga,TGA,1996,0,1,0,1,,5
Tonga,TGA,2000,0,0,0,0,,3
Tonga,TGA,2004,0,0,0,0,,5
Tonga,TGA,2008,0,0,0,0,,3
Tonga,TGA,2012,0,0,0,0,,3
Tonga,TGA,2016,0,0,0,0,,7
Trinidad,TTO,1964,0,1,5,6,779.766014894579,13
Trinidad,TTO,1968,0,0,0,0,783.173633599792,19
Trinidad,TTO,1972,0,0,0,0,1067.46412567566,19
Trinidad,TTO,1976,1,0,0,1,2344.93028321949,13
Trinidad,TTO,1980,0,0,0,0,5559.05209507101,9
Trinidad,TTO,1984,0,0,0,0,6613.11947420709,16
Trinidad,TTO,1988,0,0,0,0,3655.81977035897,6
Trinidad,TTO,1992,0,0,0,0,4277.47436935604,7
Trinidad,TTO,1996,0,0,2,2,4427.27832448289,12
Trinidad,TTO,2000,0,1,1,2,6178.58975559687,19
Trinidad,TTO,2004,0,0,1,1,9871.03419820086,19
Trinidad,TTO,2008,5,1,0,6,21298.9945258063,28
Trinidad,TTO,2012,1,4,5,10,20332.1389531925,25
Trinidad,TTO,2016,0,0,1,1,17449.1538801956,28
Trinidad,WIF,1960,0,0,5,5,,13
Tunisia,TUN,1960,0,0,0,0,,42
Tunisia,TUN,1964,0,1,1,2,228.484793689273,9
Tunisia,TUN,1968,1,0,1,2,248.91225549272,7
Tunisia,TUN,1972,0,1,0,1,414.626612581104,35
Tunisia,TUN,1976,0,0,0,0,751.741946408618,15
Tunisia,TUN,1984,0,0,0,0,1143.2812867658,23
Tunisia,TUN,1988,0,0,0,0,1266.07583258953,41
Tunisia,TUN,1992,0,0,0,0,1784.81850188268,13
Tunisia,TUN,1996,0,0,1,1,2107.40815649257,51
Tunisia,TUN,2000,0,0,0,0,2199.04465936314,47
Tunisia,TUN,2004,0,0,0,0,3067.41936376975,54
Tunisia,TUN,2008,1,0,0,1,4255.05008019523,26
Tunisia,TUN,2012,1,1,1,3,4297.26782454273,83
Tunisia,TUN,2016,0,0,3,3,3847.80354448809,61
Turkey,TUR,1960,7,2,0,9,267.091207552765,49
Turkey,TUR,1964,2,3,1,6,354.36554111716794,23
Turkey,TUR,1968,2,0,0,2,501.12130904111,29
Turkey,TUR,1972,0,1,0,1,537.337529232528,43
Turkey,TUR,1976,0,0,0,0,1227.92409658199,27
Turkey,TUR,1984,0,0,3,3,1209.05149383313,46
Turkey,TUR,1988,1,1,0,2,1685.69479240535,41
Turkey,TUR,1992,2,2,2,6,2743.65320297936,41
Turkey,TUR,1996,4,1,1,6,4041.36210281686,53
Turkey,TUR,2000,3,0,2,5,4199.3798635759,57
Turkey,TUR,2004,3,3,5,11,5979.6054216148,64
Turkey,TUR,2008,1,3,3,7,10913.4079047769,67
Turkey,TUR,2012,2,2,1,5,11776.7593362033,112
Turkey,TUR,2016,1,3,4,8,10984.3643169061,100
Turkmenistan,TKM,1996,0,0,0,0,557.894220051334,7
Turkmenistan,TKM,2000,0,0,0,0,633.835487638011,8
Turkmenistan,TKM,2004,0,0,0,0,1379.23009682692,9
Turkmenistan,TKM,2008,0,0,0,0,3605.50395120549,10
Turkmenistan,TKM,2012,0,0,0,0,6053.8748468749,10
Turkmenistan,TKM,2016,0,0,0,0,5686.98040962764,9
UK,GBR,1960,2,11,15,28,1397.5948032844,253
UK,GBR,1964,4,19,5,28,1748.2881176140997,204
UK,GBR,1968,9,5,5,19,1951.75859587532,225
UK,GBR,1972,8,9,12,29,3030.43251411977,284
UK,GBR,1976,6,15,11,32,4138.16778761535,242
UK,GBR,1980,5,18,24,47,10032.062080015,219
UK,GBR,1984,9,20,42,71,8179.19444064991,337
UK,GBR,1988,22,17,15,54,15987.1680775688,345
UK,GBR,1992,8,3,39,50,20487.1707852878,371
UK,GBR,1996,2,15,9,26,24503.3829602903,300
UK,GBR,2000,22,20,12,54,28383.8761094996,310
UK,GBR,2004,17,25,15,57,40504.4118103928,264
UK,GBR,2008,31,25,25,81,47652.4030691881,304
UK,GBR,2012,48,30,48,126,42688.3263728372,530
UK,GBR,2016,64,55,26,145,41257.9085545556,360
USA,USA,1960,81,23,21,125,2999.86487154495,292
USA,USA,1964,95,37,37,169,3565.31443016356,346
USA,USA,1968,99,32,35,166,4684.58840293763,357
USA,USA,1972,69,59,43,171,6094.01798986165,400
USA,USA,1976,70,58,36,164,8592.25353727612,396
USA,USA,1984,186,116,50,352,17121.2254849995,522
USA,USA,1988,87,66,54,207,21417.0119305191,527
USA,USA,1992,89,50,85,224,25418.9907763319,545
USA,USA,1996,159,48,52,259,29967.712718174902,648
USA,USA,2000,130,61,51,242,36329.9560727102,586
USA,USA,2004,117,75,71,263,41724.6316287624,533
USA,USA,2008,127,110,80,317,48570.0459804586,588
USA,USA,2012,145,57,46,248,51708.401155657695,530
USA,USA,2016,139,54,71,264,57638.1018367192,555
Uganda,UGA,1960,0,0,0,0,55.3784976132181,10
Uganda,UGA,1964,0,0,0,0,68.6259930194368,13
Uganda,UGA,1968,0,1,1,2,106.85122810453102,11
Uganda,UGA,1972,1,1,0,2,136.964736487473,33
Uganda,UGA,1980,0,1,0,1,93.7506991135184,13
Uganda,UGA,1984,0,0,0,0,247.516937638636,26
Uganda,UGA,1988,0,0,0,0,395.187660960924,24
Uganda,UGA,1992,0,0,0,0,152.113542415537,8
Uganda,UGA,1996,0,0,1,1,284.698259285733,10
Uganda,UGA,2000,0,0,0,0,258.050338731086,13
Uganda,UGA,2004,0,0,0,0,292.38185796262,11
Uganda,UGA,2008,0,0,0,0,472.842681495852,11
Uganda,UGA,2012,1,0,0,1,795.222867553127,15
Uganda,UGA,2016,0,0,0,0,752.696571725656,21
Ukraine,UKR,1996,10,5,19,34,869.846069335938,231
Ukraine,UKR,2000,3,20,12,35,653.294311523438,230
Ukraine,UKR,2004,8,8,31,47,1401.01806640625,239
Ukraine,UKR,2008,10,5,16,31,4017.806640625,243
Ukraine,UKR,2012,9,5,12,26,3951.34228515625,230
Ukraine,UKR,2016,2,8,5,15,2158.46118164063,204
United Arab Emirates,UAE,1984,0,0,0,0,,7
United Arab Emirates,UAE,1988,0,0,0,0,,12
United Arab Emirates,UAE,1992,0,0,0,0,,13
United Arab Emirates,UAE,1996,0,0,0,0,,4
United Arab Emirates,UAE,2000,0,0,0,0,,4
United Arab Emirates,UAE,2004,1,0,0,1,,4
United Arab Emirates,UAE,2008,0,0,0,0,,8
United Arab Emirates,UAE,2012,0,0,0,0,,26
United Arab Emirates,UAE,2016,0,0,1,1,,12
Uruguay,URU,1960,0,0,0,0,,34
Uruguay,URU,1964,0,0,1,1,,23
Uruguay,URU,1968,0,0,0,0,,27
Uruguay,URU,1972,0,0,0,0,,13
Uruguay,URU,1976,0,0,0,0,,9
Uruguay,URU,1984,0,0,0,0,,18
Uruguay,URU,1988,0,0,0,0,,15
Uruguay,URU,1992,0,0,0,0,,16
Uruguay,URU,1996,0,0,0,0,,14
Uruguay,URU,2000,0,1,0,1,,15
Uruguay,URU,2004,0,0,0,0,,15
Uruguay,URU,2008,0,0,0,0,,12
Uruguay,URU,2012,0,0,0,0,,27
Uruguay,URU,2016,0,0,0,0,,17
Uzbekistan,UZB,1996,0,1,1,2,597.33228695111,71
Uzbekistan,UZB,2000,1,1,2,4,555.149231099186,70
Uzbekistan,UZB,2004,2,1,2,5,462.171492867885,69
Uzbekistan,UZB,2008,1,2,3,6,1074.72928796701,56
Uzbekistan,UZB,2012,1,0,2,3,2307.34649117185,53
Uzbekistan,UZB,2016,4,2,7,13,2753.37951427589,70
Vanuatu,VAN,1988,0,0,0,0,,4
Vanuatu,VAN,1992,0,0,0,0,,6
Vanuatu,VAN,1996,0,0,0,0,,4
Vanuatu,VAN,2000,0,0,0,0,,3
Vanuatu,VAN,2004,0,0,0,0,,2
Vanuatu,VAN,2008,0,0,0,0,,3
Vanuatu,VAN,2012,0,0,0,0,,5
Vanuatu,VAN,2016,0,0,0,0,,4
Venezuela,VEN,1960,0,0,1,1,939.197766577539,36
Venezuela,VEN,1964,0,0,0,0,873.6047548808762,16
Venezuela,VEN,1968,1,0,0,1,938.0150786624991,23
Venezuela,VEN,1972,0,0,0,0,1155.26236263344,23
Venezuela,VEN,1976,0,1,0,1,2309.19293494983,32
Venezuela,VEN,1980,0,1,0,1,3874.40470623155,37
Venezuela,VEN,1984,0,0,3,3,3519.80146489308,26
Venezuela,VEN,1988,0,0,0,0,3191.47633742656,17
Venezuela,VEN,1992,0,0,0,0,2907.30334439434,26
Venezuela,VEN,1996,0,0,0,0,3112.825848106,39
Venezuela,VEN,2000,0,0,0,0,4776.2816763938,50
Venezuela,VEN,2004,0,0,2,2,4269.08970872392,48
Venezuela,VEN,2008,0,0,1,1,11262.4514256759,108
Venezuela,VEN,2012,1,0,0,1,12607.236124624302,68
Venezuela,VEN,2016,0,1,2,3,3670.15737848208,85
Vietnam,VIE,1980,0,0,0,0,,30
Vietnam,VIE,1988,0,0,0,0,,9
Vietnam,VIE,1992,0,0,0,0,,7
Vietnam,VIE,1996,0,0,0,0,,6
Vietnam,VIE,2000,0,1,0,1,,7
Vietnam,VIE,2004,0,0,0,0,,11
Vietnam,VIE,2008,0,1,0,1,,13
Vietnam,VIE,2012,0,0,0,0,,18
Vietnam,VIE,2016,1,1,0,2,,22
Vietnam,VNM,1960,0,0,0,0,,3
Vietnam,VNM,1964,0,0,0,0,,16
Vietnam,VNM,1968,0,0,0,0,,9
Vietnam,VNM,1972,0,0,0,0,,2
"Virgin Islands, British",IVB,1984,0,0,0,0,,9
"Virgin Islands, British",IVB,1988,0,0,0,0,,3
"Virgin Islands, British",IVB,1992,0,0,0,0,,4
"Virgin Islands, British",IVB,1996,0,0,0,0,,7
"Virgin Islands, British",IVB,2000,0,0,0,0,,1
"Virgin Islands, British",IVB,2004,0,0,0,0,,1
"Virgin Islands, British",IVB,2008,0,0,0,0,,2
"Virgin Islands, British",IVB,2012,0,0,0,0,,2
"Virgin Islands, British",IVB,2016,0,0,0,0,,4
"Virgin Islands, US",ISV,1968,0,0,0,0,,6
"Virgin Islands, US",ISV,1972,0,0,0,0,,16
"Virgin Islands, US",ISV,1976,0,0,0,0,,21
"Virgin Islands, US",ISV,1984,0,0,0,0,,29
"Virgin Islands, US",ISV,1988,0,1,0,1,,22
"Virgin Islands, US",ISV,1992,0,0,0,0,,25
"Virgin Islands, US",ISV,1996,0,0,0,0,,12
"Virgin Islands, US",ISV,2000,0,0,0,0,,9
"Virgin Islands, US",ISV,2004,0,0,0,0,,6
"Virgin Islands, US",ISV,2008,0,0,0,0,,7
"Virgin Islands, US",ISV,2012,0,0,0,0,,7
"Virgin Islands, US",ISV,2016,0,0,0,0,,7
Yemen,YAR,1984,0,0,0,0,,2
Yemen,YAR,1988,0,0,0,0,,8
Yemen,YEM,1992,0,0,0,0,1198.13031674085,8
Yemen,YEM,1996,0,0,0,0,375.214994663363,4
Yemen,YEM,2000,0,0,0,0,493.235182634814,2
Yemen,YEM,2004,0,0,0,0,627.632023395762,3
Yemen,YEM,2008,0,0,0,0,1071.63583282105,5
Yemen,YEM,2012,0,0,0,0,1245.05068272078,4
Yemen,YEM,2016,0,0,0,0,975.3594170032251,3
Yemen,YMD,1988,0,0,0,0,,5
Zambia,ZAM,1964,0,0,0,0,,12
Zambia,ZAM,1968,0,0,0,0,,7
Zambia,ZAM,1972,0,0,0,0,,11
Zambia,ZAM,1980,0,0,0,0,,37
Zambia,ZAM,1984,0,0,1,1,,16
Zambia,ZAM,1988,0,0,0,0,,29
Zambia,ZAM,1992,0,0,0,0,,9
Zambia,ZAM,1996,0,1,0,1,,8
Zambia,ZAM,2000,0,0,0,0,,8
Zambia,ZAM,2004,0,0,0,0,,6
Zambia,ZAM,2008,0,0,0,0,,8
Zambia,ZAM,2012,0,0,0,0,,7
Zambia,ZAM,2016,0,0,0,0,,7
Zimbabwe,RHO,1960,0,0,0,0,,10
Zimbabwe,ZIM,1960,0,0,0,0,,4
Zimbabwe,ZIM,1964,0,0,0,0,,29
Zimbabwe,ZIM,1980,15,0,0,15,,42
Zimbabwe,ZIM,1984,0,0,0,0,,15
Zimbabwe,ZIM,1988,0,0,0,0,,29
Zimbabwe,ZIM,1992,0,0,0,0,,19
Zimbabwe,ZIM,1996,0,0,0,0,,13
Zimbabwe,ZIM,2000,0,0,0,0,,16
Zimbabwe,ZIM,2004,1,1,1,3,,12
Zimbabwe,ZIM,2008,1,3,0,4,,13
Zimbabwe,ZIM,2012,0,0,0,0,,7
Zimbabwe,ZIM,2016,0,0,0,0,,30
